speech_id,from_state,to_state,transition
"#MLK _ But, If Not_sentences",M,M,M→M
"#MLK _ But, If Not_sentences",M,H,M→H
"#MLK _ But, If Not_sentences",H,M,H→M
"#MLK _ But, If Not_sentences",M,H,M→H
"#MLK _ But, If Not_sentences",H,H,H→H
"#MLK _ But, If Not_sentences",H,S,H→S
"#MLK _ But, If Not_sentences",S,H,S→H
"#MLK _ But, If Not_sentences",H,H,H→H
"#MLK _ But, If Not_sentences",H,H,H→H
"#MLK _ But, If Not_sentences",H,H,H→H
"#MLK _ But, If Not_sentences",H,M,H→M
"#MLK _ But, If Not_sentences",M,M,M→M
"#MLK _ But, If Not_sentences",M,H,M→H
"#MLK _ But, If Not_sentences",H,H,H→H
"#MLK _ But, If Not_sentences",H,H,H→H
"#MLK _ But, If Not_sentences",H,M,H→M
"#MLK _ But, If Not_sentences",M,H,M→H
"#MLK _ But, If Not_sentences",H,M,H→M
"#MLK _ But, If Not_sentences",M,H,M→H
"#MLK _ But, If Not_sentences",H,M,H→M
"#MLK _ But, If Not_sentences",M,M,M→M
"#MLK _ But, If Not_sentences",M,M,M→M
"#MLK _ But, If Not_sentences",M,H,M→H
"#MLK _ But, If Not_sentences",H,M,H→M
"#MLK _ But, If Not_sentences",M,M,M→M
"#MLK _ But, If Not_sentences",M,M,M→M
"#MLK _ But, If Not_sentences",M,H,M→H
"#MLK _ But, If Not_sentences",H,S,H→S
"#MLK _ But, If Not_sentences",S,M,S→M
"#MLK _ But, If Not_sentences",M,M,M→M
"#MLK _ But, If Not_sentences",M,S,M→S
"#MLK _ But, If Not_sentences",S,S,S→S
"#MLK _ But, If Not_sentences",S,H,S→H
"#MLK _ But, If Not_sentences",H,M,H→M
"#MLK _ But, If Not_sentences",M,S,M→S
"#MLK _ But, If Not_sentences",S,M,S→M
"#MLK _ But, If Not_sentences",M,H,M→H
"#MLK _ But, If Not_sentences",H,M,H→M
"#MLK _ But, If Not_sentences",M,H,M→H
"#MLK _ But, If Not_sentences",H,M,H→M
"#MLK _ But, If Not_sentences",M,M,M→M
"#MLK _ But, If Not_sentences",M,S,M→S
"#MLK _ But, If Not_sentences",S,S,S→S
"#MLK _ But, If Not_sentences",S,H,S→H
"#MLK _ But, If Not_sentences",H,S,H→S
"#MLK _ But, If Not_sentences",S,S,S→S
"#MLK _ But, If Not_sentences",S,M,S→M
"#MLK _ But, If Not_sentences",M,H,M→H
"#MLK _ But, If Not_sentences",H,H,H→H
"#MLK _ But, If Not_sentences",H,S,H→S
"#MLK _ But, If Not_sentences",S,H,S→H
"#MLK _ But, If Not_sentences",H,M,H→M
"#MLK _ But, If Not_sentences",M,H,M→H
"#MLK _ But, If Not_sentences",H,H,H→H
"#MLK _ But, If Not_sentences",H,S,H→S
"#MLK _ But, If Not_sentences",S,M,S→M
"#MLK _ But, If Not_sentences",M,H,M→H
"#MLK _ But, If Not_sentences",H,S,H→S
"#MLK _ But, If Not_sentences",S,M,S→M
"#MLK _ But, If Not_sentences",M,M,M→M
"#MLK _ But, If Not_sentences",M,M,M→M
"#MLK _ But, If Not_sentences",M,S,M→S
"#MLK _ But, If Not_sentences",S,M,S→M
"#MLK _ But, If Not_sentences",M,M,M→M
"#MLK _ But, If Not_sentences",M,H,M→H
"#MLK _ But, If Not_sentences",H,M,H→M
"#MLK _ But, If Not_sentences",M,H,M→H
"#MLK _ But, If Not_sentences",H,H,H→H
"#MLK _ But, If Not_sentences",H,S,H→S
"#MLK _ But, If Not_sentences",S,S,S→S
"#MLK _ But, If Not_sentences",S,M,S→M
"#MLK _ But, If Not_sentences",M,S,M→S
"#MLK _ But, If Not_sentences",S,H,S→H
"#MLK _ But, If Not_sentences",H,S,H→S
"#MLK _ But, If Not_sentences",S,M,S→M
"#MLK _ But, If Not_sentences",M,S,M→S
"#MLK _ But, If Not_sentences",S,H,S→H
"#MLK _ But, If Not_sentences",H,S,H→S
"#MLK _ But, If Not_sentences",S,H,S→H
"#MLK _ But, If Not_sentences",H,H,H→H
"#MLK _ But, If Not_sentences",H,M,H→M
"#MLK _ But, If Not_sentences",M,H,M→H
"#MLK _ But, If Not_sentences",H,S,H→S
"#MLK _ But, If Not_sentences",S,M,S→M
"#MLK _ Nobel Peace Prize Lecture. Oslo, Norway. December 11, 1964._sentences",H,H,H→H
"#MLK _ Nobel Peace Prize Lecture. Oslo, Norway. December 11, 1964._sentences",H,M,H→M
"#MLK _ Nobel Peace Prize Lecture. Oslo, Norway. December 11, 1964._sentences",M,H,M→H
"#MLK _ Nobel Peace Prize Lecture. Oslo, Norway. December 11, 1964._sentences",H,S,H→S
"#MLK _ Nobel Peace Prize Lecture. Oslo, Norway. December 11, 1964._sentences",S,M,S→M
"#MLK _ Nobel Peace Prize Lecture. Oslo, Norway. December 11, 1964._sentences",M,H,M→H
"#MLK _ Nobel Peace Prize Lecture. Oslo, Norway. December 11, 1964._sentences",H,H,H→H
"#MLK _ Nobel Peace Prize Lecture. Oslo, Norway. December 11, 1964._sentences",H,M,H→M
"#MLK _ Nobel Peace Prize Lecture. Oslo, Norway. December 11, 1964._sentences",M,M,M→M
"#MLK _ Nobel Peace Prize Lecture. Oslo, Norway. December 11, 1964._sentences",M,H,M→H
"#MLK _ Nobel Peace Prize Lecture. Oslo, Norway. December 11, 1964._sentences",H,M,H→M
"#MLK _ Nobel Peace Prize Lecture. Oslo, Norway. December 11, 1964._sentences",M,M,M→M
"#MLK _ Nobel Peace Prize Lecture. Oslo, Norway. December 11, 1964._sentences",M,M,M→M
"#MLK _ Nobel Peace Prize Lecture. Oslo, Norway. December 11, 1964._sentences",M,S,M→S
"#MLK _ Nobel Peace Prize Lecture. Oslo, Norway. December 11, 1964._sentences",S,M,S→M
"#MLK _ Nobel Peace Prize Lecture. Oslo, Norway. December 11, 1964._sentences",M,H,M→H
"#MLK _ Nobel Peace Prize Lecture. Oslo, Norway. December 11, 1964._sentences",H,H,H→H
"#MLK _ Nobel Peace Prize Lecture. Oslo, Norway. December 11, 1964._sentences",H,H,H→H
"#MLK _ Nobel Peace Prize Lecture. Oslo, Norway. December 11, 1964._sentences",H,M,H→M
"#MLK _ Nobel Peace Prize Lecture. Oslo, Norway. December 11, 1964._sentences",M,M,M→M
"#MLK _ Nobel Peace Prize Lecture. Oslo, Norway. December 11, 1964._sentences",M,H,M→H
"#MLK _ Nobel Peace Prize Lecture. Oslo, Norway. December 11, 1964._sentences",H,H,H→H
"#MLK _ Nobel Peace Prize Lecture. Oslo, Norway. December 11, 1964._sentences",H,M,H→M
"#MLK _ Nobel Peace Prize Lecture. Oslo, Norway. December 11, 1964._sentences",M,H,M→H
"#MLK _ Nobel Peace Prize Lecture. Oslo, Norway. December 11, 1964._sentences",H,H,H→H
"#MLK _ Nobel Peace Prize Lecture. Oslo, Norway. December 11, 1964._sentences",H,H,H→H
"#MLK _ Nobel Peace Prize Lecture. Oslo, Norway. December 11, 1964._sentences",H,M,H→M
"#MLK _ Nobel Peace Prize Lecture. Oslo, Norway. December 11, 1964._sentences",M,M,M→M
"#MLK _ Nobel Peace Prize Lecture. Oslo, Norway. December 11, 1964._sentences",M,M,M→M
"#MLK _ Nobel Peace Prize Lecture. Oslo, Norway. December 11, 1964._sentences",M,H,M→H
"#MLK _ Nobel Peace Prize Lecture. Oslo, Norway. December 11, 1964._sentences",H,M,H→M
"#MLK _ Nobel Peace Prize Lecture. Oslo, Norway. December 11, 1964._sentences",M,M,M→M
"#MLK _ Nobel Peace Prize Lecture. Oslo, Norway. December 11, 1964._sentences",M,S,M→S
"#MLK _ Nobel Peace Prize Lecture. Oslo, Norway. December 11, 1964._sentences",S,H,S→H
"#MLK _ Nobel Peace Prize Lecture. Oslo, Norway. December 11, 1964._sentences",H,H,H→H
"#MLK _ Nobel Peace Prize Lecture. Oslo, Norway. December 11, 1964._sentences",H,H,H→H
"#MLK _ Nobel Peace Prize Lecture. Oslo, Norway. December 11, 1964._sentences",H,H,H→H
"#MLK _ Nobel Peace Prize Lecture. Oslo, Norway. December 11, 1964._sentences",H,H,H→H
"#MLK _ Nobel Peace Prize Lecture. Oslo, Norway. December 11, 1964._sentences",H,H,H→H
"#MLK _ Nobel Peace Prize Lecture. Oslo, Norway. December 11, 1964._sentences",H,M,H→M
"#MLK _ Nobel Peace Prize Lecture. Oslo, Norway. December 11, 1964._sentences",M,H,M→H
"#MLK _ Nobel Peace Prize Lecture. Oslo, Norway. December 11, 1964._sentences",H,H,H→H
"#MLK _ Nobel Peace Prize Lecture. Oslo, Norway. December 11, 1964._sentences",H,H,H→H
"#MLK _ Nobel Peace Prize Lecture. Oslo, Norway. December 11, 1964._sentences",H,M,H→M
"#MLK _ Nobel Peace Prize Lecture. Oslo, Norway. December 11, 1964._sentences",M,H,M→H
"#MLK _ Nobel Peace Prize Lecture. Oslo, Norway. December 11, 1964._sentences",H,M,H→M
"#MLK _ Nobel Peace Prize Lecture. Oslo, Norway. December 11, 1964._sentences",M,M,M→M
"#MLK _ Nobel Peace Prize Lecture. Oslo, Norway. December 11, 1964._sentences",M,H,M→H
"#MLK _ Nobel Peace Prize Lecture. Oslo, Norway. December 11, 1964._sentences",H,H,H→H
"#MLK _ Nobel Peace Prize Lecture. Oslo, Norway. December 11, 1964._sentences",H,H,H→H
"#MLK _ Nobel Peace Prize Lecture. Oslo, Norway. December 11, 1964._sentences",H,M,H→M
"#MLK _ Nobel Peace Prize Lecture. Oslo, Norway. December 11, 1964._sentences",M,M,M→M
"#MLK _ Nobel Peace Prize Lecture. Oslo, Norway. December 11, 1964._sentences",M,H,M→H
"#MLK _ Nobel Peace Prize Lecture. Oslo, Norway. December 11, 1964._sentences",H,M,H→M
"#MLK _ Nobel Peace Prize Lecture. Oslo, Norway. December 11, 1964._sentences",M,M,M→M
"#MLK _ Nobel Peace Prize Lecture. Oslo, Norway. December 11, 1964._sentences",M,S,M→S
"#MLK _ Nobel Peace Prize Lecture. Oslo, Norway. December 11, 1964._sentences",S,M,S→M
"#MLK _ Nobel Peace Prize Lecture. Oslo, Norway. December 11, 1964._sentences",M,M,M→M
"#MLK _ Nobel Peace Prize Lecture. Oslo, Norway. December 11, 1964._sentences",M,M,M→M
"#MLK _ Nobel Peace Prize Lecture. Oslo, Norway. December 11, 1964._sentences",M,M,M→M
"#MLK _ Nobel Peace Prize Lecture. Oslo, Norway. December 11, 1964._sentences",M,H,M→H
"#MLK _ Nobel Peace Prize Lecture. Oslo, Norway. December 11, 1964._sentences",H,H,H→H
"#MLK _ Nobel Peace Prize Lecture. Oslo, Norway. December 11, 1964._sentences",H,M,H→M
"#MLK _ Nobel Peace Prize Lecture. Oslo, Norway. December 11, 1964._sentences",M,H,M→H
"#MLK _ Nobel Peace Prize Lecture. Oslo, Norway. December 11, 1964._sentences",H,H,H→H
"#MLK _ Nobel Peace Prize Lecture. Oslo, Norway. December 11, 1964._sentences",H,M,H→M
"#MLK _ Nobel Peace Prize Lecture. Oslo, Norway. December 11, 1964._sentences",M,H,M→H
"#MLK _ Nobel Peace Prize Lecture. Oslo, Norway. December 11, 1964._sentences",H,H,H→H
"#MLK _ Nobel Peace Prize Lecture. Oslo, Norway. December 11, 1964._sentences",H,H,H→H
"#MLK _ Nobel Peace Prize Lecture. Oslo, Norway. December 11, 1964._sentences",H,H,H→H
"#MLK _ Nobel Peace Prize Lecture. Oslo, Norway. December 11, 1964._sentences",H,H,H→H
"#MLK _ Nobel Peace Prize Lecture. Oslo, Norway. December 11, 1964._sentences",H,H,H→H
"#MLK _ Nobel Peace Prize Lecture. Oslo, Norway. December 11, 1964._sentences",H,H,H→H
"#MLK _ Nobel Peace Prize Lecture. Oslo, Norway. December 11, 1964._sentences",H,H,H→H
"#MLK _ Nobel Peace Prize Lecture. Oslo, Norway. December 11, 1964._sentences",H,H,H→H
"#MLK _ Nobel Peace Prize Lecture. Oslo, Norway. December 11, 1964._sentences",H,H,H→H
"#MLK _ Nobel Peace Prize Lecture. Oslo, Norway. December 11, 1964._sentences",H,H,H→H
"#MLK _ Nobel Peace Prize Lecture. Oslo, Norway. December 11, 1964._sentences",H,M,H→M
"#MLK _ Nobel Peace Prize Lecture. Oslo, Norway. December 11, 1964._sentences",M,H,M→H
"#MLK _ Nobel Peace Prize Lecture. Oslo, Norway. December 11, 1964._sentences",H,H,H→H
"#MLK _ Nobel Peace Prize Lecture. Oslo, Norway. December 11, 1964._sentences",H,H,H→H
"#MLK _ Nobel Peace Prize Lecture. Oslo, Norway. December 11, 1964._sentences",H,M,H→M
"#MLK _ Nobel Peace Prize Lecture. Oslo, Norway. December 11, 1964._sentences",M,H,M→H
"#MLK _ Nobel Peace Prize Lecture. Oslo, Norway. December 11, 1964._sentences",H,S,H→S
"#MLK _ Nobel Peace Prize Lecture. Oslo, Norway. December 11, 1964._sentences",S,M,S→M
"#MLK _ Nobel Peace Prize Lecture. Oslo, Norway. December 11, 1964._sentences",M,H,M→H
"#MLK _ Nobel Peace Prize Lecture. Oslo, Norway. December 11, 1964._sentences",H,H,H→H
"#MLK _ Nobel Peace Prize Lecture. Oslo, Norway. December 11, 1964._sentences",H,H,H→H
"#MLK _ Nobel Peace Prize Lecture. Oslo, Norway. December 11, 1964._sentences",H,H,H→H
"#MLK _ Nobel Peace Prize Lecture. Oslo, Norway. December 11, 1964._sentences",H,H,H→H
"#MLK _ Nobel Peace Prize Lecture. Oslo, Norway. December 11, 1964._sentences",H,H,H→H
"#MLK _ Nobel Peace Prize Lecture. Oslo, Norway. December 11, 1964._sentences",H,M,H→M
"#MLK _ Nobel Peace Prize Lecture. Oslo, Norway. December 11, 1964._sentences",M,S,M→S
"#MLK _ Nobel Peace Prize Lecture. Oslo, Norway. December 11, 1964._sentences",S,H,S→H
"#MLK _ Nobel Peace Prize Lecture. Oslo, Norway. December 11, 1964._sentences",H,H,H→H
"#MLK _ Nobel Peace Prize Lecture. Oslo, Norway. December 11, 1964._sentences",H,H,H→H
"#MLK _ Nobel Peace Prize Lecture. Oslo, Norway. December 11, 1964._sentences",H,H,H→H
"#MLK _ Nobel Peace Prize Lecture. Oslo, Norway. December 11, 1964._sentences",H,H,H→H
"#MLK _ Nobel Peace Prize Lecture. Oslo, Norway. December 11, 1964._sentences",H,H,H→H
"#MLK _ Nobel Peace Prize Lecture. Oslo, Norway. December 11, 1964._sentences",H,M,H→M
"#MLK _ Nobel Peace Prize Lecture. Oslo, Norway. December 11, 1964._sentences",M,H,M→H
"#MLK _ Nobel Peace Prize Lecture. Oslo, Norway. December 11, 1964._sentences",H,S,H→S
"#MLK _ Nobel Peace Prize Lecture. Oslo, Norway. December 11, 1964._sentences",S,H,S→H
"#MLK _ Nobel Peace Prize Lecture. Oslo, Norway. December 11, 1964._sentences",H,H,H→H
"#MLK _ Nobel Peace Prize Lecture. Oslo, Norway. December 11, 1964._sentences",H,H,H→H
"#MLK _ Nobel Peace Prize Lecture. Oslo, Norway. December 11, 1964._sentences",H,H,H→H
"#MLK _ Nobel Peace Prize Lecture. Oslo, Norway. December 11, 1964._sentences",H,H,H→H
"#MLK _ Nobel Peace Prize Lecture. Oslo, Norway. December 11, 1964._sentences",H,M,H→M
"#MLK _ Nobel Peace Prize Lecture. Oslo, Norway. December 11, 1964._sentences",M,M,M→M
"#MLK _ Nobel Peace Prize Lecture. Oslo, Norway. December 11, 1964._sentences",M,H,M→H
"#MLK _ Nobel Peace Prize Lecture. Oslo, Norway. December 11, 1964._sentences",H,M,H→M
"#MLK _ Nobel Peace Prize Lecture. Oslo, Norway. December 11, 1964._sentences",M,M,M→M
"#MLK _ Nobel Peace Prize Lecture. Oslo, Norway. December 11, 1964._sentences",M,H,M→H
"#MLK _ Nobel Peace Prize Lecture. Oslo, Norway. December 11, 1964._sentences",H,H,H→H
"#MLK _ Nobel Peace Prize Lecture. Oslo, Norway. December 11, 1964._sentences",H,H,H→H
"#MLK _ Nobel Peace Prize Lecture. Oslo, Norway. December 11, 1964._sentences",H,H,H→H
"#MLK _ Nobel Peace Prize Lecture. Oslo, Norway. December 11, 1964._sentences",H,M,H→M
"#MLK _ Nobel Peace Prize Lecture. Oslo, Norway. December 11, 1964._sentences",M,H,M→H
"#MLK _ Nobel Peace Prize Lecture. Oslo, Norway. December 11, 1964._sentences",H,H,H→H
"#MLK _ Nobel Peace Prize Lecture. Oslo, Norway. December 11, 1964._sentences",H,M,H→M
"#MLK _ Nobel Peace Prize Lecture. Oslo, Norway. December 11, 1964._sentences",M,H,M→H
"#MLK _ Nobel Peace Prize Lecture. Oslo, Norway. December 11, 1964._sentences",H,M,H→M
"#MLK _ Nobel Peace Prize Lecture. Oslo, Norway. December 11, 1964._sentences",M,H,M→H
"#MLK _ Nobel Peace Prize Lecture. Oslo, Norway. December 11, 1964._sentences",H,H,H→H
"#MLK _ Nobel Peace Prize Lecture. Oslo, Norway. December 11, 1964._sentences",H,M,H→M
"#MLK _ Nobel Peace Prize Lecture. Oslo, Norway. December 11, 1964._sentences",M,H,M→H
"#MLK _ Nobel Peace Prize Lecture. Oslo, Norway. December 11, 1964._sentences",H,M,H→M
"#MLK _ Nobel Peace Prize Lecture. Oslo, Norway. December 11, 1964._sentences",M,H,M→H
"#MLK _ Nobel Peace Prize Lecture. Oslo, Norway. December 11, 1964._sentences",H,S,H→S
"#MLK _ Nobel Peace Prize Lecture. Oslo, Norway. December 11, 1964._sentences",S,M,S→M
"#MLK _ Nobel Peace Prize Lecture. Oslo, Norway. December 11, 1964._sentences",M,H,M→H
"#MLK _ Nobel Peace Prize Lecture. Oslo, Norway. December 11, 1964._sentences",H,M,H→M
"#MLK _ Nobel Peace Prize Lecture. Oslo, Norway. December 11, 1964._sentences",M,H,M→H
"#MLK _ Nobel Peace Prize Lecture. Oslo, Norway. December 11, 1964._sentences",H,H,H→H
"#MLK _ Nobel Peace Prize Lecture. Oslo, Norway. December 11, 1964._sentences",H,H,H→H
"#MLK _ Nobel Peace Prize Lecture. Oslo, Norway. December 11, 1964._sentences",H,H,H→H
"#MLK _ Nobel Peace Prize Lecture. Oslo, Norway. December 11, 1964._sentences",H,H,H→H
"#MLK _ Nobel Peace Prize Lecture. Oslo, Norway. December 11, 1964._sentences",H,M,H→M
"#MLK _ Nobel Peace Prize Lecture. Oslo, Norway. December 11, 1964._sentences",M,H,M→H
"#MLK _ Nobel Peace Prize Lecture. Oslo, Norway. December 11, 1964._sentences",H,H,H→H
"#MLK _ Nobel Peace Prize Lecture. Oslo, Norway. December 11, 1964._sentences",H,H,H→H
"#MLK _ Nobel Peace Prize Lecture. Oslo, Norway. December 11, 1964._sentences",H,M,H→M
"#MLK _ Nobel Peace Prize Lecture. Oslo, Norway. December 11, 1964._sentences",M,S,M→S
"#MLK _ Nobel Peace Prize Lecture. Oslo, Norway. December 11, 1964._sentences",S,H,S→H
"#MLK _ Nobel Peace Prize Lecture. Oslo, Norway. December 11, 1964._sentences",H,S,H→S
"#MLK _ Nobel Peace Prize Lecture. Oslo, Norway. December 11, 1964._sentences",S,M,S→M
"#MLK _ Nobel Peace Prize Lecture. Oslo, Norway. December 11, 1964._sentences",M,H,M→H
"#MLK _ Nobel Peace Prize Lecture. Oslo, Norway. December 11, 1964._sentences",H,H,H→H
"#MLK _ Nobel Peace Prize Lecture. Oslo, Norway. December 11, 1964._sentences",H,M,H→M
"#MLK _ Nobel Peace Prize Lecture. Oslo, Norway. December 11, 1964._sentences",M,S,M→S
"#MLK _ Nobel Peace Prize Lecture. Oslo, Norway. December 11, 1964._sentences",S,H,S→H
"#MLK _ Nobel Peace Prize Lecture. Oslo, Norway. December 11, 1964._sentences",H,S,H→S
"#MLK _ Nobel Peace Prize Lecture. Oslo, Norway. December 11, 1964._sentences",S,M,S→M
"#MLK _ Nobel Peace Prize Lecture. Oslo, Norway. December 11, 1964._sentences",M,H,M→H
"#MLK _ Nobel Peace Prize Lecture. Oslo, Norway. December 11, 1964._sentences",H,H,H→H
"#MLK _ Nobel Peace Prize Lecture. Oslo, Norway. December 11, 1964._sentences",H,M,H→M
"#MLK _ Nobel Peace Prize Lecture. Oslo, Norway. December 11, 1964._sentences",M,M,M→M
"#MLK _ Nobel Peace Prize Lecture. Oslo, Norway. December 11, 1964._sentences",M,H,M→H
"#MLK _ Nobel Peace Prize Lecture. Oslo, Norway. December 11, 1964._sentences",H,H,H→H
"#MLK _ Nobel Peace Prize Lecture. Oslo, Norway. December 11, 1964._sentences",H,H,H→H
"#MLK _ Nobel Peace Prize Lecture. Oslo, Norway. December 11, 1964._sentences",H,H,H→H
"#MLK _ Nobel Peace Prize Lecture. Oslo, Norway. December 11, 1964._sentences",H,H,H→H
"#MLK _ Nobel Peace Prize Lecture. Oslo, Norway. December 11, 1964._sentences",H,M,H→M
"#MLK _ Nobel Peace Prize Lecture. Oslo, Norway. December 11, 1964._sentences",M,S,M→S
"#MLK _ Nobel Peace Prize Lecture. Oslo, Norway. December 11, 1964._sentences",S,S,S→S
"#MLK _ Nobel Peace Prize Lecture. Oslo, Norway. December 11, 1964._sentences",S,H,S→H
"#MLK _ Nobel Peace Prize Lecture. Oslo, Norway. December 11, 1964._sentences",H,H,H→H
"#MLK _ Nobel Peace Prize Lecture. Oslo, Norway. December 11, 1964._sentences",H,H,H→H
"#MLK _ Nobel Peace Prize Lecture. Oslo, Norway. December 11, 1964._sentences",H,H,H→H
"#MLK _ Nobel Peace Prize Lecture. Oslo, Norway. December 11, 1964._sentences",H,H,H→H
"#MLK _ Nobel Peace Prize Lecture. Oslo, Norway. December 11, 1964._sentences",H,M,H→M
"#MLK _ Nobel Peace Prize Lecture. Oslo, Norway. December 11, 1964._sentences",M,H,M→H
"#MLK _ Nobel Peace Prize Lecture. Oslo, Norway. December 11, 1964._sentences",H,M,H→M
"#MLK _ Nobel Peace Prize Lecture. Oslo, Norway. December 11, 1964._sentences",M,H,M→H
"#MLK _ Nobel Peace Prize Lecture. Oslo, Norway. December 11, 1964._sentences",H,H,H→H
"#MLK _ Nobel Peace Prize Lecture. Oslo, Norway. December 11, 1964._sentences",H,M,H→M
"#MLK _ Nobel Peace Prize Lecture. Oslo, Norway. December 11, 1964._sentences",M,M,M→M
"#MLK _ Nobel Peace Prize Lecture. Oslo, Norway. December 11, 1964._sentences",M,H,M→H
"#MLK _ Nobel Peace Prize Lecture. Oslo, Norway. December 11, 1964._sentences",H,M,H→M
"#MLK _ Nobel Peace Prize Lecture. Oslo, Norway. December 11, 1964._sentences",M,H,M→H
"#MLK _ Nobel Peace Prize Lecture. Oslo, Norway. December 11, 1964._sentences",H,M,H→M
"#MLK _ Nobel Peace Prize Lecture. Oslo, Norway. December 11, 1964._sentences",M,S,M→S
"#MLK _ Nobel Peace Prize Lecture. Oslo, Norway. December 11, 1964._sentences",S,H,S→H
"#MLK _ Nobel Peace Prize Lecture. Oslo, Norway. December 11, 1964._sentences",H,M,H→M
"#MLK _ Nobel Peace Prize Lecture. Oslo, Norway. December 11, 1964._sentences",M,S,M→S
"#MLK _ Nobel Peace Prize Lecture. Oslo, Norway. December 11, 1964._sentences",S,H,S→H
"#MLK _ Nobel Peace Prize Lecture. Oslo, Norway. December 11, 1964._sentences",H,H,H→H
"#MLK _ Nobel Peace Prize Lecture. Oslo, Norway. December 11, 1964._sentences",H,H,H→H
"#MLK _ Nobel Peace Prize Lecture. Oslo, Norway. December 11, 1964._sentences",H,H,H→H
"#MLK _ Nobel Peace Prize Lecture. Oslo, Norway. December 11, 1964._sentences",H,S,H→S
"#MLK _ Nobel Peace Prize Lecture. Oslo, Norway. December 11, 1964._sentences",S,H,S→H
"#MLK _ Nobel Peace Prize Lecture. Oslo, Norway. December 11, 1964._sentences",H,H,H→H
"#MLK _ Nobel Peace Prize Lecture. Oslo, Norway. December 11, 1964._sentences",H,H,H→H
"#MLK _ Nobel Peace Prize Lecture. Oslo, Norway. December 11, 1964._sentences",H,M,H→M
"#MLK _ Nobel Peace Prize Lecture. Oslo, Norway. December 11, 1964._sentences",M,M,M→M
"#MLK _ Nobel Peace Prize Lecture. Oslo, Norway. December 11, 1964._sentences",M,H,M→H
"#MLK _ Nobel Peace Prize Lecture. Oslo, Norway. December 11, 1964._sentences",H,S,H→S
"#MLK _ Nobel Peace Prize Lecture. Oslo, Norway. December 11, 1964._sentences",S,M,S→M
"#MLK _ Nobel Peace Prize Lecture. Oslo, Norway. December 11, 1964._sentences",M,H,M→H
"#MLK _ Nobel Peace Prize Lecture. Oslo, Norway. December 11, 1964._sentences",H,H,H→H
"#MLK _ Nobel Peace Prize Lecture. Oslo, Norway. December 11, 1964._sentences",H,H,H→H
"#MLK _ Nobel Peace Prize Lecture. Oslo, Norway. December 11, 1964._sentences",H,H,H→H
"#MLK _ Nobel Peace Prize Lecture. Oslo, Norway. December 11, 1964._sentences",H,H,H→H
"#MLK _ Nobel Peace Prize Lecture. Oslo, Norway. December 11, 1964._sentences",H,H,H→H
"#MLK _ Nobel Peace Prize Lecture. Oslo, Norway. December 11, 1964._sentences",H,H,H→H
"#MLK _ Nobel Peace Prize Lecture. Oslo, Norway. December 11, 1964._sentences",H,H,H→H
"#MLK _ Nobel Peace Prize Lecture. Oslo, Norway. December 11, 1964._sentences",H,H,H→H
"#MLK _ Nobel Peace Prize Lecture. Oslo, Norway. December 11, 1964._sentences",H,M,H→M
"#MLK _ Nobel Peace Prize Lecture. Oslo, Norway. December 11, 1964._sentences",M,H,M→H
"#MLK _ Nobel Peace Prize Lecture. Oslo, Norway. December 11, 1964._sentences",H,H,H→H
"#MLK _ Nobel Peace Prize Lecture. Oslo, Norway. December 11, 1964._sentences",H,H,H→H
"#MLK _ Nobel Peace Prize Lecture. Oslo, Norway. December 11, 1964._sentences",H,H,H→H
"#MLK _ Nobel Peace Prize Lecture. Oslo, Norway. December 11, 1964._sentences",H,H,H→H
"#MLK _ Nobel Peace Prize Lecture. Oslo, Norway. December 11, 1964._sentences",H,H,H→H
"#MLK _ Nobel Peace Prize Lecture. Oslo, Norway. December 11, 1964._sentences",H,H,H→H
"#MLK _ Nobel Peace Prize Lecture. Oslo, Norway. December 11, 1964._sentences",H,H,H→H
"#MLK _ Nobel Peace Prize Lecture. Oslo, Norway. December 11, 1964._sentences",H,H,H→H
"#MLK _ Nobel Peace Prize Lecture. Oslo, Norway. December 11, 1964._sentences",H,H,H→H
"#MLK _ Nobel Peace Prize Lecture. Oslo, Norway. December 11, 1964._sentences",H,M,H→M
"#MLK _ Nobel Peace Prize Lecture. Oslo, Norway. December 11, 1964._sentences",M,H,M→H
"#MLK _ Nobel Peace Prize Lecture. Oslo, Norway. December 11, 1964._sentences",H,M,H→M
"#MLK _ Nobel Peace Prize Lecture. Oslo, Norway. December 11, 1964._sentences",M,M,M→M
"#MLK _ Nobel Peace Prize Lecture. Oslo, Norway. December 11, 1964._sentences",M,H,M→H
"#MLK _ Nobel Peace Prize Lecture. Oslo, Norway. December 11, 1964._sentences",H,M,H→M
"#MLK _ Nobel Peace Prize Lecture. Oslo, Norway. December 11, 1964._sentences",M,H,M→H
"#MLK _ Nobel Peace Prize Lecture. Oslo, Norway. December 11, 1964._sentences",H,H,H→H
"#MLK _ Nobel Peace Prize Lecture. Oslo, Norway. December 11, 1964._sentences",H,M,H→M
"#MLK _ Nobel Peace Prize Lecture. Oslo, Norway. December 11, 1964._sentences",M,H,M→H
"#MLK _ Nobel Peace Prize Lecture. Oslo, Norway. December 11, 1964._sentences",H,S,H→S
"#MLK _ Nobel Peace Prize Lecture. Oslo, Norway. December 11, 1964._sentences",S,H,S→H
"#MLK _ Nobel Peace Prize Lecture. Oslo, Norway. December 11, 1964._sentences",H,H,H→H
"#MLK _ Nobel Peace Prize Lecture. Oslo, Norway. December 11, 1964._sentences",H,H,H→H
"#MLK _ Nobel Peace Prize Lecture. Oslo, Norway. December 11, 1964._sentences",H,H,H→H
"#MLK _ Nobel Peace Prize Lecture. Oslo, Norway. December 11, 1964._sentences",H,H,H→H
"#MLK _ Nobel Peace Prize Lecture. Oslo, Norway. December 11, 1964._sentences",H,H,H→H
"#MLK _ Nobel Peace Prize Lecture. Oslo, Norway. December 11, 1964._sentences",H,H,H→H
"#MLK _ Nobel Peace Prize Lecture. Oslo, Norway. December 11, 1964._sentences",H,H,H→H
"#MLK _ Nobel Peace Prize Lecture. Oslo, Norway. December 11, 1964._sentences",H,H,H→H
"#MLK _ Nobel Peace Prize Lecture. Oslo, Norway. December 11, 1964._sentences",H,H,H→H
"#MLK _ Nobel Peace Prize Lecture. Oslo, Norway. December 11, 1964._sentences",H,S,H→S
"#MLK _ Nobel Peace Prize Lecture. Oslo, Norway. December 11, 1964._sentences",S,H,S→H
"#MLK _ Nobel Peace Prize Lecture. Oslo, Norway. December 11, 1964._sentences",H,S,H→S
"#MLK _ Nobel Peace Prize Lecture. Oslo, Norway. December 11, 1964._sentences",S,M,S→M
"#MLK _ Nobel Peace Prize Lecture. Oslo, Norway. December 11, 1964._sentences",M,M,M→M
"#MLK _ Nobel Peace Prize Lecture. Oslo, Norway. December 11, 1964._sentences",M,H,M→H
"#MLK _ Nobel Peace Prize Lecture. Oslo, Norway. December 11, 1964._sentences",H,H,H→H
"#MLK _ Nobel Peace Prize Lecture. Oslo, Norway. December 11, 1964._sentences",H,M,H→M
"#MLK _ Nobel Peace Prize Lecture. Oslo, Norway. December 11, 1964._sentences",M,H,M→H
"#MLK _ Nobel Peace Prize Lecture. Oslo, Norway. December 11, 1964._sentences",H,H,H→H
"#MLK _ Nobel Peace Prize Lecture. Oslo, Norway. December 11, 1964._sentences",H,H,H→H
"#MLK _ Nobel Peace Prize Lecture. Oslo, Norway. December 11, 1964._sentences",H,H,H→H
"#MLK _ Nobel Peace Prize Lecture. Oslo, Norway. December 11, 1964._sentences",H,M,H→M
"#MLK _ Nobel Peace Prize Lecture. Oslo, Norway. December 11, 1964._sentences",M,M,M→M
"#MLK _ Nobel Peace Prize Lecture. Oslo, Norway. December 11, 1964._sentences",M,S,M→S
"#MLK _ Nobel Peace Prize Lecture. Oslo, Norway. December 11, 1964._sentences",S,H,S→H
"#MLK _ Nobel Peace Prize Lecture. Oslo, Norway. December 11, 1964._sentences",H,M,H→M
"#MLK _ Nobel Peace Prize Lecture. Oslo, Norway. December 11, 1964._sentences",M,M,M→M
"#MLK _ Nobel Peace Prize Lecture. Oslo, Norway. December 11, 1964._sentences",M,H,M→H
"#MLK _ Nobel Peace Prize Lecture. Oslo, Norway. December 11, 1964._sentences",H,S,H→S
"#MLK _ Nobel Peace Prize Lecture. Oslo, Norway. December 11, 1964._sentences",S,H,S→H
"#MLK _ Nobel Peace Prize Lecture. Oslo, Norway. December 11, 1964._sentences",H,H,H→H
"#MLK _ Nobel Peace Prize Lecture. Oslo, Norway. December 11, 1964._sentences",H,M,H→M
"#MLK _ Nobel Peace Prize Lecture. Oslo, Norway. December 11, 1964._sentences",M,H,M→H
"#MLK _ Nobel Peace Prize Lecture. Oslo, Norway. December 11, 1964._sentences",H,H,H→H
"#MLK _ Nobel Peace Prize Lecture. Oslo, Norway. December 11, 1964._sentences",H,H,H→H
"#MLK _ Nobel Peace Prize Lecture. Oslo, Norway. December 11, 1964._sentences",H,S,H→S
"#MLK _ Nobel Peace Prize Lecture. Oslo, Norway. December 11, 1964._sentences",S,M,S→M
"#MLK _ Nobel Peace Prize Lecture. Oslo, Norway. December 11, 1964._sentences",M,M,M→M
"#MLK _ Nobel Peace Prize Lecture. Oslo, Norway. December 11, 1964._sentences",M,H,M→H
"#MLK _ Nobel Peace Prize Lecture. Oslo, Norway. December 11, 1964._sentences",H,H,H→H
"#MLK _ Nobel Peace Prize Lecture. Oslo, Norway. December 11, 1964._sentences",H,H,H→H
"#MLK _ Nobel Peace Prize Lecture. Oslo, Norway. December 11, 1964._sentences",H,H,H→H
"#MLK _ Nobel Peace Prize Lecture. Oslo, Norway. December 11, 1964._sentences",H,M,H→M
"#MLK _ Nobel Peace Prize Lecture. Oslo, Norway. December 11, 1964._sentences",M,H,M→H
"#MLK _ Nobel Peace Prize Lecture. Oslo, Norway. December 11, 1964._sentences",H,H,H→H
"#MLK _ Nobel Peace Prize Lecture. Oslo, Norway. December 11, 1964._sentences",H,S,H→S
"#MLK _ Nobel Peace Prize Lecture. Oslo, Norway. December 11, 1964._sentences",S,S,S→S
"#MLK _ Nobel Peace Prize Lecture. Oslo, Norway. December 11, 1964._sentences",S,S,S→S
"#MLK _ Nobel Peace Prize Lecture. Oslo, Norway. December 11, 1964._sentences",S,S,S→S
"#MLK _ Nobel Peace Prize Lecture. Oslo, Norway. December 11, 1964._sentences",S,S,S→S
"#MLK _ Nobel Peace Prize Lecture. Oslo, Norway. December 11, 1964._sentences",S,S,S→S
Beyond Vietnam-A Time to Break Silence 4-4-67_sentences,H,M,H→M
Beyond Vietnam-A Time to Break Silence 4-4-67_sentences,M,M,M→M
Beyond Vietnam-A Time to Break Silence 4-4-67_sentences,M,H,M→H
Beyond Vietnam-A Time to Break Silence 4-4-67_sentences,H,H,H→H
Beyond Vietnam-A Time to Break Silence 4-4-67_sentences,H,M,H→M
Beyond Vietnam-A Time to Break Silence 4-4-67_sentences,M,M,M→M
Beyond Vietnam-A Time to Break Silence 4-4-67_sentences,M,H,M→H
Beyond Vietnam-A Time to Break Silence 4-4-67_sentences,H,H,H→H
Beyond Vietnam-A Time to Break Silence 4-4-67_sentences,H,S,H→S
Beyond Vietnam-A Time to Break Silence 4-4-67_sentences,S,M,S→M
Beyond Vietnam-A Time to Break Silence 4-4-67_sentences,M,M,M→M
Beyond Vietnam-A Time to Break Silence 4-4-67_sentences,M,M,M→M
Beyond Vietnam-A Time to Break Silence 4-4-67_sentences,M,S,M→S
Beyond Vietnam-A Time to Break Silence 4-4-67_sentences,S,H,S→H
Beyond Vietnam-A Time to Break Silence 4-4-67_sentences,H,M,H→M
Beyond Vietnam-A Time to Break Silence 4-4-67_sentences,M,H,M→H
Beyond Vietnam-A Time to Break Silence 4-4-67_sentences,H,H,H→H
Beyond Vietnam-A Time to Break Silence 4-4-67_sentences,H,M,H→M
Beyond Vietnam-A Time to Break Silence 4-4-67_sentences,M,M,M→M
Beyond Vietnam-A Time to Break Silence 4-4-67_sentences,M,H,M→H
Beyond Vietnam-A Time to Break Silence 4-4-67_sentences,H,S,H→S
Beyond Vietnam-A Time to Break Silence 4-4-67_sentences,S,M,S→M
Beyond Vietnam-A Time to Break Silence 4-4-67_sentences,M,M,M→M
Beyond Vietnam-A Time to Break Silence 4-4-67_sentences,M,S,M→S
Beyond Vietnam-A Time to Break Silence 4-4-67_sentences,S,H,S→H
Beyond Vietnam-A Time to Break Silence 4-4-67_sentences,H,M,H→M
Beyond Vietnam-A Time to Break Silence 4-4-67_sentences,M,M,M→M
Beyond Vietnam-A Time to Break Silence 4-4-67_sentences,M,S,M→S
Beyond Vietnam-A Time to Break Silence 4-4-67_sentences,S,H,S→H
Beyond Vietnam-A Time to Break Silence 4-4-67_sentences,H,M,H→M
Beyond Vietnam-A Time to Break Silence 4-4-67_sentences,M,S,M→S
Beyond Vietnam-A Time to Break Silence 4-4-67_sentences,S,H,S→H
Beyond Vietnam-A Time to Break Silence 4-4-67_sentences,H,H,H→H
Beyond Vietnam-A Time to Break Silence 4-4-67_sentences,H,H,H→H
Beyond Vietnam-A Time to Break Silence 4-4-67_sentences,H,H,H→H
Beyond Vietnam-A Time to Break Silence 4-4-67_sentences,H,H,H→H
Beyond Vietnam-A Time to Break Silence 4-4-67_sentences,H,H,H→H
Beyond Vietnam-A Time to Break Silence 4-4-67_sentences,H,M,H→M
Beyond Vietnam-A Time to Break Silence 4-4-67_sentences,M,M,M→M
Beyond Vietnam-A Time to Break Silence 4-4-67_sentences,M,H,M→H
Beyond Vietnam-A Time to Break Silence 4-4-67_sentences,H,M,H→M
Beyond Vietnam-A Time to Break Silence 4-4-67_sentences,M,H,M→H
Beyond Vietnam-A Time to Break Silence 4-4-67_sentences,H,M,H→M
Beyond Vietnam-A Time to Break Silence 4-4-67_sentences,M,M,M→M
Beyond Vietnam-A Time to Break Silence 4-4-67_sentences,M,H,M→H
Beyond Vietnam-A Time to Break Silence 4-4-67_sentences,H,H,H→H
Beyond Vietnam-A Time to Break Silence 4-4-67_sentences,H,H,H→H
Beyond Vietnam-A Time to Break Silence 4-4-67_sentences,H,H,H→H
Beyond Vietnam-A Time to Break Silence 4-4-67_sentences,H,M,H→M
Beyond Vietnam-A Time to Break Silence 4-4-67_sentences,M,H,M→H
Beyond Vietnam-A Time to Break Silence 4-4-67_sentences,H,M,H→M
Beyond Vietnam-A Time to Break Silence 4-4-67_sentences,M,H,M→H
Beyond Vietnam-A Time to Break Silence 4-4-67_sentences,H,S,H→S
Beyond Vietnam-A Time to Break Silence 4-4-67_sentences,S,H,S→H
Beyond Vietnam-A Time to Break Silence 4-4-67_sentences,H,H,H→H
Beyond Vietnam-A Time to Break Silence 4-4-67_sentences,H,H,H→H
Beyond Vietnam-A Time to Break Silence 4-4-67_sentences,H,S,H→S
Beyond Vietnam-A Time to Break Silence 4-4-67_sentences,S,H,S→H
Beyond Vietnam-A Time to Break Silence 4-4-67_sentences,H,H,H→H
Beyond Vietnam-A Time to Break Silence 4-4-67_sentences,H,M,H→M
Beyond Vietnam-A Time to Break Silence 4-4-67_sentences,M,H,M→H
Beyond Vietnam-A Time to Break Silence 4-4-67_sentences,H,H,H→H
Beyond Vietnam-A Time to Break Silence 4-4-67_sentences,H,H,H→H
Beyond Vietnam-A Time to Break Silence 4-4-67_sentences,H,S,H→S
Beyond Vietnam-A Time to Break Silence 4-4-67_sentences,S,H,S→H
Beyond Vietnam-A Time to Break Silence 4-4-67_sentences,H,H,H→H
Beyond Vietnam-A Time to Break Silence 4-4-67_sentences,H,M,H→M
Beyond Vietnam-A Time to Break Silence 4-4-67_sentences,M,M,M→M
Beyond Vietnam-A Time to Break Silence 4-4-67_sentences,M,H,M→H
Beyond Vietnam-A Time to Break Silence 4-4-67_sentences,H,H,H→H
Beyond Vietnam-A Time to Break Silence 4-4-67_sentences,H,M,H→M
Beyond Vietnam-A Time to Break Silence 4-4-67_sentences,M,M,M→M
Beyond Vietnam-A Time to Break Silence 4-4-67_sentences,M,M,M→M
Beyond Vietnam-A Time to Break Silence 4-4-67_sentences,M,S,M→S
Beyond Vietnam-A Time to Break Silence 4-4-67_sentences,S,M,S→M
Beyond Vietnam-A Time to Break Silence 4-4-67_sentences,M,S,M→S
Beyond Vietnam-A Time to Break Silence 4-4-67_sentences,S,M,S→M
Beyond Vietnam-A Time to Break Silence 4-4-67_sentences,M,H,M→H
Beyond Vietnam-A Time to Break Silence 4-4-67_sentences,H,S,H→S
Beyond Vietnam-A Time to Break Silence 4-4-67_sentences,S,H,S→H
Beyond Vietnam-A Time to Break Silence 4-4-67_sentences,H,M,H→M
Beyond Vietnam-A Time to Break Silence 4-4-67_sentences,M,H,M→H
Beyond Vietnam-A Time to Break Silence 4-4-67_sentences,H,H,H→H
Beyond Vietnam-A Time to Break Silence 4-4-67_sentences,H,M,H→M
Beyond Vietnam-A Time to Break Silence 4-4-67_sentences,M,M,M→M
Beyond Vietnam-A Time to Break Silence 4-4-67_sentences,M,H,M→H
Beyond Vietnam-A Time to Break Silence 4-4-67_sentences,H,H,H→H
Beyond Vietnam-A Time to Break Silence 4-4-67_sentences,H,M,H→M
Beyond Vietnam-A Time to Break Silence 4-4-67_sentences,M,M,M→M
Beyond Vietnam-A Time to Break Silence 4-4-67_sentences,M,H,M→H
Beyond Vietnam-A Time to Break Silence 4-4-67_sentences,H,M,H→M
Beyond Vietnam-A Time to Break Silence 4-4-67_sentences,M,H,M→H
Beyond Vietnam-A Time to Break Silence 4-4-67_sentences,H,H,H→H
Beyond Vietnam-A Time to Break Silence 4-4-67_sentences,H,M,H→M
Beyond Vietnam-A Time to Break Silence 4-4-67_sentences,M,M,M→M
Beyond Vietnam-A Time to Break Silence 4-4-67_sentences,M,H,M→H
Beyond Vietnam-A Time to Break Silence 4-4-67_sentences,H,M,H→M
Beyond Vietnam-A Time to Break Silence 4-4-67_sentences,M,H,M→H
Beyond Vietnam-A Time to Break Silence 4-4-67_sentences,H,H,H→H
Beyond Vietnam-A Time to Break Silence 4-4-67_sentences,H,M,H→M
Beyond Vietnam-A Time to Break Silence 4-4-67_sentences,M,M,M→M
Beyond Vietnam-A Time to Break Silence 4-4-67_sentences,M,H,M→H
Beyond Vietnam-A Time to Break Silence 4-4-67_sentences,H,H,H→H
Beyond Vietnam-A Time to Break Silence 4-4-67_sentences,H,H,H→H
Beyond Vietnam-A Time to Break Silence 4-4-67_sentences,H,H,H→H
Beyond Vietnam-A Time to Break Silence 4-4-67_sentences,H,H,H→H
Beyond Vietnam-A Time to Break Silence 4-4-67_sentences,H,M,H→M
Beyond Vietnam-A Time to Break Silence 4-4-67_sentences,M,H,M→H
Beyond Vietnam-A Time to Break Silence 4-4-67_sentences,H,M,H→M
Beyond Vietnam-A Time to Break Silence 4-4-67_sentences,M,H,M→H
Beyond Vietnam-A Time to Break Silence 4-4-67_sentences,H,M,H→M
Beyond Vietnam-A Time to Break Silence 4-4-67_sentences,M,M,M→M
Beyond Vietnam-A Time to Break Silence 4-4-67_sentences,M,H,M→H
Beyond Vietnam-A Time to Break Silence 4-4-67_sentences,H,H,H→H
Beyond Vietnam-A Time to Break Silence 4-4-67_sentences,H,H,H→H
Beyond Vietnam-A Time to Break Silence 4-4-67_sentences,H,M,H→M
Beyond Vietnam-A Time to Break Silence 4-4-67_sentences,M,H,M→H
Beyond Vietnam-A Time to Break Silence 4-4-67_sentences,H,M,H→M
Beyond Vietnam-A Time to Break Silence 4-4-67_sentences,M,M,M→M
Beyond Vietnam-A Time to Break Silence 4-4-67_sentences,M,M,M→M
Beyond Vietnam-A Time to Break Silence 4-4-67_sentences,M,S,M→S
Beyond Vietnam-A Time to Break Silence 4-4-67_sentences,S,M,S→M
Beyond Vietnam-A Time to Break Silence 4-4-67_sentences,M,M,M→M
Beyond Vietnam-A Time to Break Silence 4-4-67_sentences,M,M,M→M
Beyond Vietnam-A Time to Break Silence 4-4-67_sentences,M,M,M→M
Beyond Vietnam-A Time to Break Silence 4-4-67_sentences,M,S,M→S
Beyond Vietnam-A Time to Break Silence 4-4-67_sentences,S,S,S→S
Beyond Vietnam-A Time to Break Silence 4-4-67_sentences,S,S,S→S
Beyond Vietnam-A Time to Break Silence 4-4-67_sentences,S,M,S→M
Beyond Vietnam-A Time to Break Silence 4-4-67_sentences,M,H,M→H
Beyond Vietnam-A Time to Break Silence 4-4-67_sentences,H,S,H→S
Beyond Vietnam-A Time to Break Silence 4-4-67_sentences,S,M,S→M
Beyond Vietnam-A Time to Break Silence 4-4-67_sentences,M,H,M→H
Beyond Vietnam-A Time to Break Silence 4-4-67_sentences,H,M,H→M
Beyond Vietnam-A Time to Break Silence 4-4-67_sentences,M,M,M→M
Beyond Vietnam-A Time to Break Silence 4-4-67_sentences,M,H,M→H
Beyond Vietnam-A Time to Break Silence 4-4-67_sentences,H,M,H→M
Beyond Vietnam-A Time to Break Silence 4-4-67_sentences,M,M,M→M
Beyond Vietnam-A Time to Break Silence 4-4-67_sentences,M,M,M→M
Beyond Vietnam-A Time to Break Silence 4-4-67_sentences,M,H,M→H
Beyond Vietnam-A Time to Break Silence 4-4-67_sentences,H,H,H→H
Beyond Vietnam-A Time to Break Silence 4-4-67_sentences,H,M,H→M
Beyond Vietnam-A Time to Break Silence 4-4-67_sentences,M,M,M→M
Beyond Vietnam-A Time to Break Silence 4-4-67_sentences,M,M,M→M
Beyond Vietnam-A Time to Break Silence 4-4-67_sentences,M,H,M→H
Beyond Vietnam-A Time to Break Silence 4-4-67_sentences,H,H,H→H
Beyond Vietnam-A Time to Break Silence 4-4-67_sentences,H,H,H→H
Beyond Vietnam-A Time to Break Silence 4-4-67_sentences,H,H,H→H
Beyond Vietnam-A Time to Break Silence 4-4-67_sentences,H,H,H→H
Beyond Vietnam-A Time to Break Silence 4-4-67_sentences,H,H,H→H
Beyond Vietnam-A Time to Break Silence 4-4-67_sentences,H,H,H→H
Beyond Vietnam-A Time to Break Silence 4-4-67_sentences,H,H,H→H
Beyond Vietnam-A Time to Break Silence 4-4-67_sentences,H,M,H→M
Beyond Vietnam-A Time to Break Silence 4-4-67_sentences,M,S,M→S
Beyond Vietnam-A Time to Break Silence 4-4-67_sentences,S,H,S→H
Beyond Vietnam-A Time to Break Silence 4-4-67_sentences,H,H,H→H
Beyond Vietnam-A Time to Break Silence 4-4-67_sentences,H,H,H→H
Beyond Vietnam-A Time to Break Silence 4-4-67_sentences,H,S,H→S
Beyond Vietnam-A Time to Break Silence 4-4-67_sentences,S,H,S→H
Beyond Vietnam-A Time to Break Silence 4-4-67_sentences,H,H,H→H
Beyond Vietnam-A Time to Break Silence 4-4-67_sentences,H,H,H→H
Beyond Vietnam-A Time to Break Silence 4-4-67_sentences,H,H,H→H
Beyond Vietnam-A Time to Break Silence 4-4-67_sentences,H,H,H→H
Beyond Vietnam-A Time to Break Silence 4-4-67_sentences,H,H,H→H
Beyond Vietnam-A Time to Break Silence 4-4-67_sentences,H,M,H→M
Beyond Vietnam-A Time to Break Silence 4-4-67_sentences,M,S,M→S
Beyond Vietnam-A Time to Break Silence 4-4-67_sentences,S,M,S→M
Beyond Vietnam-A Time to Break Silence 4-4-67_sentences,M,H,M→H
Beyond Vietnam-A Time to Break Silence 4-4-67_sentences,H,M,H→M
Beyond Vietnam-A Time to Break Silence 4-4-67_sentences,M,S,M→S
Beyond Vietnam-A Time to Break Silence 4-4-67_sentences,S,M,S→M
Beyond Vietnam-A Time to Break Silence 4-4-67_sentences,M,M,M→M
Beyond Vietnam-A Time to Break Silence 4-4-67_sentences,M,H,M→H
Beyond Vietnam-A Time to Break Silence 4-4-67_sentences,H,S,H→S
Beyond Vietnam-A Time to Break Silence 4-4-67_sentences,S,S,S→S
Beyond Vietnam-A Time to Break Silence 4-4-67_sentences,S,M,S→M
Beyond Vietnam-A Time to Break Silence 4-4-67_sentences,M,M,M→M
Beyond Vietnam-A Time to Break Silence 4-4-67_sentences,M,S,M→S
Beyond Vietnam-A Time to Break Silence 4-4-67_sentences,S,M,S→M
Beyond Vietnam-A Time to Break Silence 4-4-67_sentences,M,H,M→H
Beyond Vietnam-A Time to Break Silence 4-4-67_sentences,H,M,H→M
Beyond Vietnam-A Time to Break Silence 4-4-67_sentences,M,H,M→H
Beyond Vietnam-A Time to Break Silence 4-4-67_sentences,H,H,H→H
Beyond Vietnam-A Time to Break Silence 4-4-67_sentences,H,M,H→M
Beyond Vietnam-A Time to Break Silence 4-4-67_sentences,M,S,M→S
Beyond Vietnam-A Time to Break Silence 4-4-67_sentences,S,M,S→M
Beyond Vietnam-A Time to Break Silence 4-4-67_sentences,M,M,M→M
Beyond Vietnam-A Time to Break Silence 4-4-67_sentences,M,H,M→H
Beyond Vietnam-A Time to Break Silence 4-4-67_sentences,H,M,H→M
Beyond Vietnam-A Time to Break Silence 4-4-67_sentences,M,H,M→H
Beyond Vietnam-A Time to Break Silence 4-4-67_sentences,H,S,H→S
Beyond Vietnam-A Time to Break Silence 4-4-67_sentences,S,H,S→H
Beyond Vietnam-A Time to Break Silence 4-4-67_sentences,H,H,H→H
Beyond Vietnam-A Time to Break Silence 4-4-67_sentences,H,H,H→H
Beyond Vietnam-A Time to Break Silence 4-4-67_sentences,H,H,H→H
Beyond Vietnam-A Time to Break Silence 4-4-67_sentences,H,H,H→H
Beyond Vietnam-A Time to Break Silence 4-4-67_sentences,H,H,H→H
Beyond Vietnam-A Time to Break Silence 4-4-67_sentences,H,H,H→H
Beyond Vietnam-A Time to Break Silence 4-4-67_sentences,H,M,H→M
Beyond Vietnam-A Time to Break Silence 4-4-67_sentences,M,H,M→H
Beyond Vietnam-A Time to Break Silence 4-4-67_sentences,H,H,H→H
Beyond Vietnam-A Time to Break Silence 4-4-67_sentences,H,M,H→M
Beyond Vietnam-A Time to Break Silence 4-4-67_sentences,M,M,M→M
Beyond Vietnam-A Time to Break Silence 4-4-67_sentences,M,M,M→M
Beyond Vietnam-A Time to Break Silence 4-4-67_sentences,M,H,M→H
Beyond Vietnam-A Time to Break Silence 4-4-67_sentences,H,M,H→M
Beyond Vietnam-A Time to Break Silence 4-4-67_sentences,M,H,M→H
Beyond Vietnam-A Time to Break Silence 4-4-67_sentences,H,S,H→S
Beyond Vietnam-A Time to Break Silence 4-4-67_sentences,S,H,S→H
Beyond Vietnam-A Time to Break Silence 4-4-67_sentences,H,M,H→M
Beyond Vietnam-A Time to Break Silence 4-4-67_sentences,M,M,M→M
Beyond Vietnam-A Time to Break Silence 4-4-67_sentences,M,M,M→M
Beyond Vietnam-A Time to Break Silence 4-4-67_sentences,M,H,M→H
Beyond Vietnam-A Time to Break Silence 4-4-67_sentences,H,S,H→S
Beyond Vietnam-A Time to Break Silence 4-4-67_sentences,S,H,S→H
Beyond Vietnam-A Time to Break Silence 4-4-67_sentences,H,H,H→H
Beyond Vietnam-A Time to Break Silence 4-4-67_sentences,H,H,H→H
Beyond Vietnam-A Time to Break Silence 4-4-67_sentences,H,H,H→H
Beyond Vietnam-A Time to Break Silence 4-4-67_sentences,H,H,H→H
Beyond Vietnam-A Time to Break Silence 4-4-67_sentences,H,H,H→H
Beyond Vietnam-A Time to Break Silence 4-4-67_sentences,H,H,H→H
Beyond Vietnam-A Time to Break Silence 4-4-67_sentences,H,H,H→H
Beyond Vietnam-A Time to Break Silence 4-4-67_sentences,H,H,H→H
Beyond Vietnam-A Time to Break Silence 4-4-67_sentences,H,H,H→H
Beyond Vietnam-A Time to Break Silence 4-4-67_sentences,H,M,H→M
Beyond Vietnam-A Time to Break Silence 4-4-67_sentences,M,S,M→S
Beyond Vietnam-A Time to Break Silence 4-4-67_sentences,S,M,S→M
Beyond Vietnam-A Time to Break Silence 4-4-67_sentences,M,M,M→M
Beyond Vietnam-A Time to Break Silence 4-4-67_sentences,M,H,M→H
Beyond Vietnam-A Time to Break Silence 4-4-67_sentences,H,H,H→H
Beyond Vietnam-A Time to Break Silence 4-4-67_sentences,H,H,H→H
Beyond Vietnam-A Time to Break Silence 4-4-67_sentences,H,H,H→H
Beyond Vietnam-A Time to Break Silence 4-4-67_sentences,H,H,H→H
Beyond Vietnam-A Time to Break Silence 4-4-67_sentences,H,H,H→H
Beyond Vietnam-A Time to Break Silence 4-4-67_sentences,H,H,H→H
Beyond Vietnam-A Time to Break Silence 4-4-67_sentences,H,H,H→H
Beyond Vietnam-A Time to Break Silence 4-4-67_sentences,H,H,H→H
Beyond Vietnam-A Time to Break Silence 4-4-67_sentences,H,M,H→M
Beyond Vietnam-A Time to Break Silence 4-4-67_sentences,M,H,M→H
Beyond Vietnam-A Time to Break Silence 4-4-67_sentences,H,H,H→H
Beyond Vietnam-A Time to Break Silence 4-4-67_sentences,H,H,H→H
Beyond Vietnam-A Time to Break Silence 4-4-67_sentences,H,H,H→H
Beyond Vietnam-A Time to Break Silence 4-4-67_sentences,H,H,H→H
Beyond Vietnam-A Time to Break Silence 4-4-67_sentences,H,H,H→H
Beyond Vietnam-A Time to Break Silence 4-4-67_sentences,H,M,H→M
Beyond Vietnam-A Time to Break Silence 4-4-67_sentences,M,M,M→M
Beyond Vietnam-A Time to Break Silence 4-4-67_sentences,M,S,M→S
Beyond Vietnam-A Time to Break Silence 4-4-67_sentences,S,H,S→H
Beyond Vietnam-A Time to Break Silence 4-4-67_sentences,H,H,H→H
Beyond Vietnam-A Time to Break Silence 4-4-67_sentences,H,H,H→H
Beyond Vietnam-A Time to Break Silence 4-4-67_sentences,H,H,H→H
Beyond Vietnam-A Time to Break Silence 4-4-67_sentences,H,H,H→H
Beyond Vietnam-A Time to Break Silence 4-4-67_sentences,H,H,H→H
Beyond Vietnam-A Time to Break Silence 4-4-67_sentences,H,H,H→H
Beyond Vietnam-A Time to Break Silence 4-4-67_sentences,H,H,H→H
Beyond Vietnam-A Time to Break Silence 4-4-67_sentences,H,M,H→M
Beyond Vietnam-A Time to Break Silence 4-4-67_sentences,M,H,M→H
Beyond Vietnam-A Time to Break Silence 4-4-67_sentences,H,M,H→M
Beyond Vietnam-A Time to Break Silence 4-4-67_sentences,M,M,M→M
Beyond Vietnam-A Time to Break Silence 4-4-67_sentences,M,H,M→H
Beyond Vietnam-A Time to Break Silence 4-4-67_sentences,H,H,H→H
Beyond Vietnam-A Time to Break Silence 4-4-67_sentences,H,S,H→S
Beyond Vietnam-A Time to Break Silence 4-4-67_sentences,S,M,S→M
Beyond Vietnam-A Time to Break Silence 4-4-67_sentences,M,S,M→S
Beyond Vietnam-A Time to Break Silence 4-4-67_sentences,S,H,S→H
Beyond Vietnam-A Time to Break Silence 4-4-67_sentences,H,M,H→M
Beyond Vietnam-A Time to Break Silence 4-4-67_sentences,M,M,M→M
Beyond Vietnam-A Time to Break Silence 4-4-67_sentences,M,H,M→H
Beyond Vietnam-A Time to Break Silence 4-4-67_sentences,H,H,H→H
Beyond Vietnam-A Time to Break Silence 4-4-67_sentences,H,H,H→H
Beyond Vietnam-A Time to Break Silence 4-4-67_sentences,H,M,H→M
Beyond Vietnam-A Time to Break Silence 4-4-67_sentences,M,S,M→S
Beyond Vietnam-A Time to Break Silence 4-4-67_sentences,S,M,S→M
Beyond Vietnam-A Time to Break Silence 4-4-67_sentences,M,S,M→S
Beyond Vietnam-A Time to Break Silence 4-4-67_sentences,S,S,S→S
Beyond Vietnam-A Time to Break Silence 4-4-67_sentences,S,H,S→H
Beyond Vietnam-A Time to Break Silence 4-4-67_sentences,H,M,H→M
Beyond Vietnam-A Time to Break Silence 4-4-67_sentences,M,M,M→M
Beyond Vietnam-A Time to Break Silence 4-4-67_sentences,M,H,M→H
Beyond Vietnam-A Time to Break Silence 4-4-67_sentences,H,M,H→M
Beyond Vietnam-A Time to Break Silence 4-4-67_sentences,M,H,M→H
Beyond Vietnam-A Time to Break Silence 4-4-67_sentences,H,S,H→S
Beyond Vietnam-A Time to Break Silence 4-4-67_sentences,S,H,S→H
Beyond Vietnam-A Time to Break Silence 4-4-67_sentences,H,M,H→M
Beyond Vietnam-A Time to Break Silence 4-4-67_sentences,M,M,M→M
Beyond Vietnam-A Time to Break Silence 4-4-67_sentences,M,S,M→S
Beyond Vietnam-A Time to Break Silence 4-4-67_sentences,S,S,S→S
Beyond Vietnam-A Time to Break Silence 4-4-67_sentences,S,M,S→M
Beyond Vietnam-A Time to Break Silence 4-4-67_sentences,M,H,M→H
Beyond Vietnam-A Time to Break Silence 4-4-67_sentences,H,M,H→M
Beyond Vietnam-A Time to Break Silence 4-4-67_sentences,M,M,M→M
Beyond Vietnam-A Time to Break Silence 4-4-67_sentences,M,M,M→M
Beyond Vietnam-A Time to Break Silence 4-4-67_sentences,M,M,M→M
Beyond Vietnam-A Time to Break Silence 4-4-67_sentences,M,S,M→S
Beyond Vietnam-A Time to Break Silence 4-4-67_sentences,S,S,S→S
Beyond Vietnam-A Time to Break Silence 4-4-67_sentences,S,M,S→M
Beyond Vietnam-A Time to Break Silence 4-4-67_sentences,M,M,M→M
Beyond Vietnam-A Time to Break Silence 4-4-67_sentences,M,H,M→H
Beyond Vietnam-A Time to Break Silence 4-4-67_sentences,H,H,H→H
Beyond Vietnam-A Time to Break Silence 4-4-67_sentences,H,H,H→H
Beyond Vietnam-A Time to Break Silence 4-4-67_sentences,H,H,H→H
Beyond Vietnam-A Time to Break Silence 4-4-67_sentences,H,H,H→H
Beyond Vietnam-A Time to Break Silence 4-4-67_sentences,H,H,H→H
Beyond Vietnam-A Time to Break Silence 4-4-67_sentences,H,S,H→S
Beyond Vietnam-A Time to Break Silence 4-4-67_sentences,S,H,S→H
Beyond Vietnam-A Time to Break Silence 4-4-67_sentences,H,S,H→S
Beyond Vietnam-A Time to Break Silence 4-4-67_sentences,S,H,S→H
I Have Been to the Mountaintop Full Speech_sentences,H,M,H→M
I Have Been to the Mountaintop Full Speech_sentences,M,S,M→S
I Have Been to the Mountaintop Full Speech_sentences,S,M,S→M
I Have Been to the Mountaintop Full Speech_sentences,M,S,M→S
I Have Been to the Mountaintop Full Speech_sentences,S,S,S→S
I Have Been to the Mountaintop Full Speech_sentences,S,H,S→H
I Have Been to the Mountaintop Full Speech_sentences,H,S,H→S
I Have Been to the Mountaintop Full Speech_sentences,S,H,S→H
I Have Been to the Mountaintop Full Speech_sentences,H,S,H→S
I Have Been to the Mountaintop Full Speech_sentences,S,S,S→S
I Have Been to the Mountaintop Full Speech_sentences,S,H,S→H
I Have Been to the Mountaintop Full Speech_sentences,H,M,H→M
I Have Been to the Mountaintop Full Speech_sentences,M,S,M→S
I Have Been to the Mountaintop Full Speech_sentences,S,M,S→M
I Have Been to the Mountaintop Full Speech_sentences,M,S,M→S
I Have Been to the Mountaintop Full Speech_sentences,S,M,S→M
I Have Been to the Mountaintop Full Speech_sentences,M,S,M→S
I Have Been to the Mountaintop Full Speech_sentences,S,H,S→H
I Have Been to the Mountaintop Full Speech_sentences,H,S,H→S
I Have Been to the Mountaintop Full Speech_sentences,S,H,S→H
I Have Been to the Mountaintop Full Speech_sentences,H,M,H→M
I Have Been to the Mountaintop Full Speech_sentences,M,H,M→H
I Have Been to the Mountaintop Full Speech_sentences,H,M,H→M
I Have Been to the Mountaintop Full Speech_sentences,M,M,M→M
I Have Been to the Mountaintop Full Speech_sentences,M,H,M→H
I Have Been to the Mountaintop Full Speech_sentences,H,S,H→S
I Have Been to the Mountaintop Full Speech_sentences,S,M,S→M
I Have Been to the Mountaintop Full Speech_sentences,M,S,M→S
I Have Been to the Mountaintop Full Speech_sentences,S,H,S→H
I Have Been to the Mountaintop Full Speech_sentences,H,S,H→S
I Have Been to the Mountaintop Full Speech_sentences,S,H,S→H
I Have Been to the Mountaintop Full Speech_sentences,H,S,H→S
I Have Been to the Mountaintop Full Speech_sentences,S,M,S→M
I Have Been to the Mountaintop Full Speech_sentences,M,M,M→M
I Have Been to the Mountaintop Full Speech_sentences,M,S,M→S
I Have Been to the Mountaintop Full Speech_sentences,S,M,S→M
I Have Been to the Mountaintop Full Speech_sentences,M,H,M→H
I Have Been to the Mountaintop Full Speech_sentences,H,S,H→S
I Have Been to the Mountaintop Full Speech_sentences,S,H,S→H
I Have Been to the Mountaintop Full Speech_sentences,H,S,H→S
I Have Been to the Mountaintop Full Speech_sentences,S,M,S→M
I Have Been to the Mountaintop Full Speech_sentences,M,M,M→M
I Have Been to the Mountaintop Full Speech_sentences,M,M,M→M
I Have Been to the Mountaintop Full Speech_sentences,M,S,M→S
I Have Been to the Mountaintop Full Speech_sentences,S,S,S→S
I Have Been to the Mountaintop Full Speech_sentences,S,M,S→M
I Have Been to the Mountaintop Full Speech_sentences,M,M,M→M
I Have Been to the Mountaintop Full Speech_sentences,M,S,M→S
I Have Been to the Mountaintop Full Speech_sentences,S,S,S→S
I Have Been to the Mountaintop Full Speech_sentences,S,S,S→S
I Have Been to the Mountaintop Full Speech_sentences,S,S,S→S
I Have Been to the Mountaintop Full Speech_sentences,S,S,S→S
I Have Been to the Mountaintop Full Speech_sentences,S,S,S→S
I Have Been to the Mountaintop Full Speech_sentences,S,M,S→M
I Have Been to the Mountaintop Full Speech_sentences,M,H,M→H
I Have Been to the Mountaintop Full Speech_sentences,H,H,H→H
I Have Been to the Mountaintop Full Speech_sentences,H,S,H→S
I Have Been to the Mountaintop Full Speech_sentences,S,M,S→M
I Have Been to the Mountaintop Full Speech_sentences,M,H,M→H
I Have Been to the Mountaintop Full Speech_sentences,H,M,H→M
I Have Been to the Mountaintop Full Speech_sentences,M,S,M→S
I Have Been to the Mountaintop Full Speech_sentences,S,H,S→H
I Have Been to the Mountaintop Full Speech_sentences,H,H,H→H
I Have Been to the Mountaintop Full Speech_sentences,H,M,H→M
I Have Been to the Mountaintop Full Speech_sentences,M,M,M→M
I Have Been to the Mountaintop Full Speech_sentences,M,S,M→S
I Have Been to the Mountaintop Full Speech_sentences,S,H,S→H
I Have Been to the Mountaintop Full Speech_sentences,H,S,H→S
I Have Been to the Mountaintop Full Speech_sentences,S,M,S→M
I Have Been to the Mountaintop Full Speech_sentences,M,M,M→M
I Have Been to the Mountaintop Full Speech_sentences,M,H,M→H
I Have Been to the Mountaintop Full Speech_sentences,H,M,H→M
I Have Been to the Mountaintop Full Speech_sentences,M,M,M→M
I Have Been to the Mountaintop Full Speech_sentences,M,S,M→S
I Have Been to the Mountaintop Full Speech_sentences,S,H,S→H
I Have Been to the Mountaintop Full Speech_sentences,H,S,H→S
I Have Been to the Mountaintop Full Speech_sentences,S,M,S→M
I Have Been to the Mountaintop Full Speech_sentences,M,S,M→S
I Have Been to the Mountaintop Full Speech_sentences,S,M,S→M
I Have Been to the Mountaintop Full Speech_sentences,M,M,M→M
I Have Been to the Mountaintop Full Speech_sentences,M,M,M→M
I Have Been to the Mountaintop Full Speech_sentences,M,M,M→M
I Have Been to the Mountaintop Full Speech_sentences,M,M,M→M
I Have Been to the Mountaintop Full Speech_sentences,M,M,M→M
I Have Been to the Mountaintop Full Speech_sentences,M,S,M→S
I Have Been to the Mountaintop Full Speech_sentences,S,S,S→S
I Have Been to the Mountaintop Full Speech_sentences,S,M,S→M
I Have Been to the Mountaintop Full Speech_sentences,M,S,M→S
I Have Been to the Mountaintop Full Speech_sentences,S,S,S→S
I Have Been to the Mountaintop Full Speech_sentences,S,S,S→S
I Have Been to the Mountaintop Full Speech_sentences,S,S,S→S
I Have Been to the Mountaintop Full Speech_sentences,S,M,S→M
I Have Been to the Mountaintop Full Speech_sentences,M,S,M→S
I Have Been to the Mountaintop Full Speech_sentences,S,M,S→M
I Have Been to the Mountaintop Full Speech_sentences,M,M,M→M
I Have Been to the Mountaintop Full Speech_sentences,M,S,M→S
I Have Been to the Mountaintop Full Speech_sentences,S,H,S→H
I Have Been to the Mountaintop Full Speech_sentences,H,H,H→H
I Have Been to the Mountaintop Full Speech_sentences,H,S,H→S
I Have Been to the Mountaintop Full Speech_sentences,S,S,S→S
I Have Been to the Mountaintop Full Speech_sentences,S,H,S→H
I Have Been to the Mountaintop Full Speech_sentences,H,M,H→M
I Have Been to the Mountaintop Full Speech_sentences,M,M,M→M
I Have Been to the Mountaintop Full Speech_sentences,M,M,M→M
I Have Been to the Mountaintop Full Speech_sentences,M,M,M→M
I Have Been to the Mountaintop Full Speech_sentences,M,M,M→M
I Have Been to the Mountaintop Full Speech_sentences,M,M,M→M
I Have Been to the Mountaintop Full Speech_sentences,M,S,M→S
I Have Been to the Mountaintop Full Speech_sentences,S,S,S→S
I Have Been to the Mountaintop Full Speech_sentences,S,M,S→M
I Have Been to the Mountaintop Full Speech_sentences,M,H,M→H
I Have Been to the Mountaintop Full Speech_sentences,H,M,H→M
I Have Been to the Mountaintop Full Speech_sentences,M,M,M→M
I Have Been to the Mountaintop Full Speech_sentences,M,S,M→S
I Have Been to the Mountaintop Full Speech_sentences,S,M,S→M
I Have Been to the Mountaintop Full Speech_sentences,M,H,M→H
I Have Been to the Mountaintop Full Speech_sentences,H,M,H→M
I Have Been to the Mountaintop Full Speech_sentences,M,M,M→M
I Have Been to the Mountaintop Full Speech_sentences,M,S,M→S
I Have Been to the Mountaintop Full Speech_sentences,S,H,S→H
I Have Been to the Mountaintop Full Speech_sentences,H,M,H→M
I Have Been to the Mountaintop Full Speech_sentences,M,M,M→M
I Have Been to the Mountaintop Full Speech_sentences,M,S,M→S
I Have Been to the Mountaintop Full Speech_sentences,S,M,S→M
I Have Been to the Mountaintop Full Speech_sentences,M,H,M→H
I Have Been to the Mountaintop Full Speech_sentences,H,M,H→M
I Have Been to the Mountaintop Full Speech_sentences,M,M,M→M
I Have Been to the Mountaintop Full Speech_sentences,M,S,M→S
I Have Been to the Mountaintop Full Speech_sentences,S,H,S→H
I Have Been to the Mountaintop Full Speech_sentences,H,H,H→H
I Have Been to the Mountaintop Full Speech_sentences,H,S,H→S
I Have Been to the Mountaintop Full Speech_sentences,S,S,S→S
I Have Been to the Mountaintop Full Speech_sentences,S,H,S→H
I Have Been to the Mountaintop Full Speech_sentences,H,S,H→S
I Have Been to the Mountaintop Full Speech_sentences,S,M,S→M
I Have Been to the Mountaintop Full Speech_sentences,M,S,M→S
I Have Been to the Mountaintop Full Speech_sentences,S,S,S→S
I Have Been to the Mountaintop Full Speech_sentences,S,S,S→S
I Have Been to the Mountaintop Full Speech_sentences,S,M,S→M
I Have Been to the Mountaintop Full Speech_sentences,M,S,M→S
I Have Been to the Mountaintop Full Speech_sentences,S,H,S→H
I Have Been to the Mountaintop Full Speech_sentences,H,M,H→M
I Have Been to the Mountaintop Full Speech_sentences,M,S,M→S
I Have Been to the Mountaintop Full Speech_sentences,S,M,S→M
I Have Been to the Mountaintop Full Speech_sentences,M,S,M→S
I Have Been to the Mountaintop Full Speech_sentences,S,M,S→M
I Have Been to the Mountaintop Full Speech_sentences,M,M,M→M
I Have Been to the Mountaintop Full Speech_sentences,M,H,M→H
I Have Been to the Mountaintop Full Speech_sentences,H,M,H→M
I Have Been to the Mountaintop Full Speech_sentences,M,M,M→M
I Have Been to the Mountaintop Full Speech_sentences,M,S,M→S
I Have Been to the Mountaintop Full Speech_sentences,S,H,S→H
I Have Been to the Mountaintop Full Speech_sentences,H,M,H→M
I Have Been to the Mountaintop Full Speech_sentences,M,S,M→S
I Have Been to the Mountaintop Full Speech_sentences,S,S,S→S
I Have Been to the Mountaintop Full Speech_sentences,S,S,S→S
I Have Been to the Mountaintop Full Speech_sentences,S,S,S→S
I Have Been to the Mountaintop Full Speech_sentences,S,S,S→S
I Have Been to the Mountaintop Full Speech_sentences,S,M,S→M
I Have Been to the Mountaintop Full Speech_sentences,M,M,M→M
I Have Been to the Mountaintop Full Speech_sentences,M,H,M→H
I Have Been to the Mountaintop Full Speech_sentences,H,S,H→S
I Have Been to the Mountaintop Full Speech_sentences,S,M,S→M
I Have Been to the Mountaintop Full Speech_sentences,M,M,M→M
I Have Been to the Mountaintop Full Speech_sentences,M,M,M→M
I Have Been to the Mountaintop Full Speech_sentences,M,M,M→M
I Have Been to the Mountaintop Full Speech_sentences,M,M,M→M
I Have Been to the Mountaintop Full Speech_sentences,M,H,M→H
I Have Been to the Mountaintop Full Speech_sentences,H,S,H→S
I Have Been to the Mountaintop Full Speech_sentences,S,S,S→S
I Have Been to the Mountaintop Full Speech_sentences,S,M,S→M
I Have Been to the Mountaintop Full Speech_sentences,M,S,M→S
I Have Been to the Mountaintop Full Speech_sentences,S,S,S→S
I Have Been to the Mountaintop Full Speech_sentences,S,S,S→S
I Have Been to the Mountaintop Full Speech_sentences,S,M,S→M
I Have Been to the Mountaintop Full Speech_sentences,M,S,M→S
I Have Been to the Mountaintop Full Speech_sentences,S,M,S→M
I Have Been to the Mountaintop Full Speech_sentences,M,S,M→S
I Have Been to the Mountaintop Full Speech_sentences,S,S,S→S
I Have Been to the Mountaintop Full Speech_sentences,S,S,S→S
I Have Been to the Mountaintop Full Speech_sentences,S,S,S→S
I Have Been to the Mountaintop Full Speech_sentences,S,S,S→S
I Have Been to the Mountaintop Full Speech_sentences,S,S,S→S
I Have Been to the Mountaintop Full Speech_sentences,S,S,S→S
I Have Been to the Mountaintop Full Speech_sentences,S,S,S→S
I Have Been to the Mountaintop Full Speech_sentences,S,M,S→M
I Have Been to the Mountaintop Full Speech_sentences,M,M,M→M
I Have Been to the Mountaintop Full Speech_sentences,M,M,M→M
I Have Been to the Mountaintop Full Speech_sentences,M,H,M→H
I Have Been to the Mountaintop Full Speech_sentences,H,H,H→H
I Have Been to the Mountaintop Full Speech_sentences,H,S,H→S
I Have Been to the Mountaintop Full Speech_sentences,S,M,S→M
I Have Been to the Mountaintop Full Speech_sentences,M,S,M→S
I Have Been to the Mountaintop Full Speech_sentences,S,S,S→S
I Have Been to the Mountaintop Full Speech_sentences,S,M,S→M
I Have Been to the Mountaintop Full Speech_sentences,M,H,M→H
I Have Been to the Mountaintop Full Speech_sentences,H,M,H→M
I Have Been to the Mountaintop Full Speech_sentences,M,M,M→M
I Have Been to the Mountaintop Full Speech_sentences,M,M,M→M
I Have Been to the Mountaintop Full Speech_sentences,M,M,M→M
I Have Been to the Mountaintop Full Speech_sentences,M,M,M→M
I Have Been to the Mountaintop Full Speech_sentences,M,H,M→H
I Have Been to the Mountaintop Full Speech_sentences,H,H,H→H
I Have Been to the Mountaintop Full Speech_sentences,H,H,H→H
I Have Been to the Mountaintop Full Speech_sentences,H,M,H→M
I Have Been to the Mountaintop Full Speech_sentences,M,M,M→M
I Have Been to the Mountaintop Full Speech_sentences,M,M,M→M
I Have Been to the Mountaintop Full Speech_sentences,M,S,M→S
I Have Been to the Mountaintop Full Speech_sentences,S,S,S→S
I Have Been to the Mountaintop Full Speech_sentences,S,M,S→M
I Have Been to the Mountaintop Full Speech_sentences,M,M,M→M
I Have Been to the Mountaintop Full Speech_sentences,M,M,M→M
I Have Been to the Mountaintop Full Speech_sentences,M,H,M→H
I Have Been to the Mountaintop Full Speech_sentences,H,M,H→M
I Have Been to the Mountaintop Full Speech_sentences,M,M,M→M
I Have Been to the Mountaintop Full Speech_sentences,M,M,M→M
I Have Been to the Mountaintop Full Speech_sentences,M,M,M→M
I Have Been to the Mountaintop Full Speech_sentences,M,M,M→M
I Have Been to the Mountaintop Full Speech_sentences,M,M,M→M
I Have Been to the Mountaintop Full Speech_sentences,M,M,M→M
I Have Been to the Mountaintop Full Speech_sentences,M,M,M→M
I Have Been to the Mountaintop Full Speech_sentences,M,M,M→M
I Have Been to the Mountaintop Full Speech_sentences,M,S,M→S
I Have Been to the Mountaintop Full Speech_sentences,S,S,S→S
I Have Been to the Mountaintop Full Speech_sentences,S,S,S→S
I Have Been to the Mountaintop Full Speech_sentences,S,M,S→M
I Have Been to the Mountaintop Full Speech_sentences,M,S,M→S
I Have Been to the Mountaintop Full Speech_sentences,S,M,S→M
I Have Been to the Mountaintop Full Speech_sentences,M,M,M→M
I Have Been to the Mountaintop Full Speech_sentences,M,S,M→S
I Have Been to the Mountaintop Full Speech_sentences,S,M,S→M
I Have Been to the Mountaintop Full Speech_sentences,M,M,M→M
I Have Been to the Mountaintop Full Speech_sentences,M,M,M→M
I Have Been to the Mountaintop Full Speech_sentences,M,M,M→M
I Have Been to the Mountaintop Full Speech_sentences,M,H,M→H
I Have Been to the Mountaintop Full Speech_sentences,H,M,H→M
I Have Been to the Mountaintop Full Speech_sentences,M,S,M→S
I Have Been to the Mountaintop Full Speech_sentences,S,M,S→M
I Have Been to the Mountaintop Full Speech_sentences,M,S,M→S
I Have Been to the Mountaintop Full Speech_sentences,S,H,S→H
I Have Been to the Mountaintop Full Speech_sentences,H,H,H→H
I Have Been to the Mountaintop Full Speech_sentences,H,M,H→M
I Have Been to the Mountaintop Full Speech_sentences,M,M,M→M
I Have Been to the Mountaintop Full Speech_sentences,M,M,M→M
I Have Been to the Mountaintop Full Speech_sentences,M,S,M→S
I Have Been to the Mountaintop Full Speech_sentences,S,M,S→M
I Have Been to the Mountaintop Full Speech_sentences,M,M,M→M
I Have Been to the Mountaintop Full Speech_sentences,M,M,M→M
I Have Been to the Mountaintop Full Speech_sentences,M,S,M→S
I Have Been to the Mountaintop Full Speech_sentences,S,S,S→S
I Have Been to the Mountaintop Full Speech_sentences,S,S,S→S
I Have Been to the Mountaintop Full Speech_sentences,S,M,S→M
I Have Been to the Mountaintop Full Speech_sentences,M,M,M→M
I Have Been to the Mountaintop Full Speech_sentences,M,M,M→M
I Have Been to the Mountaintop Full Speech_sentences,M,S,M→S
I Have Been to the Mountaintop Full Speech_sentences,S,M,S→M
I Have Been to the Mountaintop Full Speech_sentences,M,S,M→S
I Have Been to the Mountaintop Full Speech_sentences,S,M,S→M
I Have Been to the Mountaintop Full Speech_sentences,M,S,M→S
I Have Been to the Mountaintop Full Speech_sentences,S,S,S→S
I Have Been to the Mountaintop Full Speech_sentences,S,H,S→H
I Have Been to the Mountaintop Full Speech_sentences,H,H,H→H
I Have Been to the Mountaintop Full Speech_sentences,H,M,H→M
I Have Been to the Mountaintop Full Speech_sentences,M,M,M→M
I Have Been to the Mountaintop Full Speech_sentences,M,S,M→S
I Have Been to the Mountaintop Full Speech_sentences,S,H,S→H
I Have Been to the Mountaintop Full Speech_sentences,H,M,H→M
I Have Been to the Mountaintop Full Speech_sentences,M,M,M→M
I Have Been to the Mountaintop Full Speech_sentences,M,M,M→M
I Have Been to the Mountaintop Full Speech_sentences,M,M,M→M
I Have Been to the Mountaintop Full Speech_sentences,M,S,M→S
I Have Been to the Mountaintop Full Speech_sentences,S,M,S→M
I Have Been to the Mountaintop Full Speech_sentences,M,M,M→M
I Have Been to the Mountaintop Full Speech_sentences,M,M,M→M
I Have Been to the Mountaintop Full Speech_sentences,M,M,M→M
I Have Been to the Mountaintop Full Speech_sentences,M,M,M→M
I Have Been to the Mountaintop Full Speech_sentences,M,S,M→S
I Have Been to the Mountaintop Full Speech_sentences,S,S,S→S
I Have Been to the Mountaintop Full Speech_sentences,S,S,S→S
I Have Been to the Mountaintop Full Speech_sentences,S,H,S→H
I Have Been to the Mountaintop Full Speech_sentences,H,M,H→M
I Have Been to the Mountaintop Full Speech_sentences,M,S,M→S
I Have Been to the Mountaintop Full Speech_sentences,S,S,S→S
I Have Been to the Mountaintop Full Speech_sentences,S,S,S→S
I Have Been to the Mountaintop Full Speech_sentences,S,S,S→S
I Have Been to the Mountaintop Full Speech_sentences,S,S,S→S
I Have Been to the Mountaintop Full Speech_sentences,S,H,S→H
I Have Been to the Mountaintop Full Speech_sentences,H,S,H→S
I Have Been to the Mountaintop Full Speech_sentences,S,S,S→S
I Have Been to the Mountaintop Full Speech_sentences,S,M,S→M
I Have Been to the Mountaintop Full Speech_sentences,M,M,M→M
I Have Been to the Mountaintop Full Speech_sentences,M,S,M→S
I Have Been to the Mountaintop Full Speech_sentences,S,M,S→M
MLKDream_64kb_sentences,H,H,H→H
MLKDream_64kb_sentences,H,H,H→H
MLKDream_64kb_sentences,H,H,H→H
MLKDream_64kb_sentences,H,M,H→M
MLKDream_64kb_sentences,M,M,M→M
MLKDream_64kb_sentences,M,H,M→H
MLKDream_64kb_sentences,H,H,H→H
MLKDream_64kb_sentences,H,H,H→H
MLKDream_64kb_sentences,H,H,H→H
MLKDream_64kb_sentences,H,H,H→H
MLKDream_64kb_sentences,H,S,H→S
MLKDream_64kb_sentences,S,M,S→M
MLKDream_64kb_sentences,M,H,M→H
MLKDream_64kb_sentences,H,H,H→H
MLKDream_64kb_sentences,H,M,H→M
MLKDream_64kb_sentences,M,M,M→M
MLKDream_64kb_sentences,M,H,M→H
MLKDream_64kb_sentences,H,M,H→M
MLKDream_64kb_sentences,M,M,M→M
MLKDream_64kb_sentences,M,M,M→M
MLKDream_64kb_sentences,M,H,M→H
MLKDream_64kb_sentences,H,H,H→H
MLKDream_64kb_sentences,H,M,H→M
MLKDream_64kb_sentences,M,M,M→M
MLKDream_64kb_sentences,M,H,M→H
MLKDream_64kb_sentences,H,S,H→S
MLKDream_64kb_sentences,S,H,S→H
MLKDream_64kb_sentences,H,H,H→H
MLKDream_64kb_sentences,H,H,H→H
MLKDream_64kb_sentences,H,M,H→M
MLKDream_64kb_sentences,M,M,M→M
MLKDream_64kb_sentences,M,H,M→H
MLKDream_64kb_sentences,H,H,H→H
MLKDream_64kb_sentences,H,M,H→M
MLKDream_64kb_sentences,M,M,M→M
MLKDream_64kb_sentences,M,S,M→S
MLKDream_64kb_sentences,S,S,S→S
MLKDream_64kb_sentences,S,S,S→S
MLKDream_64kb_sentences,S,S,S→S
MLKDream_64kb_sentences,S,S,S→S
MLKDream_64kb_sentences,S,S,S→S
MLKDream_64kb_sentences,S,M,S→M
MLKDream_64kb_sentences,M,M,M→M
MLKDream_64kb_sentences,M,S,M→S
MLKDream_64kb_sentences,S,M,S→M
MLKDream_64kb_sentences,M,H,M→H
MLKDream_64kb_sentences,H,H,H→H
MLKDream_64kb_sentences,H,S,H→S
MLKDream_64kb_sentences,S,M,S→M
MLKDream_64kb_sentences,M,H,M→H
MLKDream_64kb_sentences,H,M,H→M
MLKDream_64kb_sentences,M,H,M→H
MLKDream_64kb_sentences,H,H,H→H
MLKDream_64kb_sentences,H,S,H→S
MLKDream_64kb_sentences,S,S,S→S
MLKDream_64kb_sentences,S,S,S→S
MLKDream_64kb_sentences,S,S,S→S
MLKDream_64kb_sentences,S,S,S→S
MLKDream_64kb_sentences,S,M,S→M
MLKDream_64kb_sentences,M,M,M→M
MLKDream_64kb_sentences,M,M,M→M
MLKDream_64kb_sentences,M,S,M→S
MLKDream_64kb_sentences,S,M,S→M
MLKDream_64kb_sentences,M,H,M→H
MLKDream_64kb_sentences,H,M,H→M
MLKDream_64kb_sentences,M,M,M→M
MLKDream_64kb_sentences,M,H,M→H
MLKDream_64kb_sentences,H,H,H→H
MLKDream_64kb_sentences,H,M,H→M
MLKDream_64kb_sentences,M,S,M→S
MLKDream_64kb_sentences,S,H,S→H
MLKDream_64kb_sentences,H,M,H→M
MLKDream_64kb_sentences,M,S,M→S
MLKDream_64kb_sentences,S,M,S→M
MLKDream_64kb_sentences,M,H,M→H
MLKDream_64kb_sentences,H,S,H→S
MLKDream_64kb_sentences,S,S,S→S
MLKDream_64kb_sentences,S,M,S→M
MLKDream_64kb_sentences,M,H,M→H
MLKDream_64kb_sentences,H,H,H→H
MLKDream_64kb_sentences,H,S,H→S
MLKDream_64kb_sentences,S,M,S→M
MLKDream_64kb_sentences,M,H,M→H
MLKDream_64kb_sentences,H,M,H→M
MLKDream_64kb_sentences,M,S,M→S
MLKDream_64kb_sentences,S,H,S→H
MLKDream_64kb_sentences,H,H,H→H
MLKDream_64kb_sentences,H,H,H→H
MLKDream_64kb_sentences,H,H,H→H
MLKDream_64kb_sentences,H,H,H→H
MLKDream_64kb_sentences,H,M,H→M
MLK_ On Peace and Nonviolence_sentences,H,H,H→H
MLK_ On Peace and Nonviolence_sentences,H,M,H→M
MLK_ On Peace and Nonviolence_sentences,M,S,M→S
MLK_ On Peace and Nonviolence_sentences,S,S,S→S
MLK_ On Peace and Nonviolence_sentences,S,M,S→M
MLK_ On Peace and Nonviolence_sentences,M,H,M→H
MLK_ On Peace and Nonviolence_sentences,H,M,H→M
MLK_ On Peace and Nonviolence_sentences,M,H,M→H
MLK_ On Peace and Nonviolence_sentences,H,H,H→H
MLK_ On Peace and Nonviolence_sentences,H,M,H→M
MLK_ On Peace and Nonviolence_sentences,M,M,M→M
MLK_ On Peace and Nonviolence_sentences,M,H,M→H
MLK_ On Peace and Nonviolence_sentences,H,H,H→H
MLK_ On Peace and Nonviolence_sentences,H,M,H→M
MLK_ On Peace and Nonviolence_sentences,M,H,M→H
MLK_ On Peace and Nonviolence_sentences,H,M,H→M
MLK_ On Peace and Nonviolence_sentences,M,M,M→M
MLK_ On Peace and Nonviolence_sentences,M,M,M→M
MLK_ On Peace and Nonviolence_sentences,M,M,M→M
MLK_ On Peace and Nonviolence_sentences,M,H,M→H
MLK_ On Peace and Nonviolence_sentences,H,H,H→H
MLK_ On Peace and Nonviolence_sentences,H,M,H→M
MLK_ On Peace and Nonviolence_sentences,M,M,M→M
MLK_ On Peace and Nonviolence_sentences,M,S,M→S
MLK_ On Peace and Nonviolence_sentences,S,M,S→M
MLK_ On Peace and Nonviolence_sentences,M,M,M→M
MLK_ On Peace and Nonviolence_sentences,M,M,M→M
MLK_ On Peace and Nonviolence_sentences,M,M,M→M
MLK_ On Peace and Nonviolence_sentences,M,H,M→H
MLK_ On Peace and Nonviolence_sentences,H,H,H→H
MLK_ On Peace and Nonviolence_sentences,H,M,H→M
MLK_ On Peace and Nonviolence_sentences,M,H,M→H
MLK_ On Peace and Nonviolence_sentences,H,H,H→H
MLK_ On Peace and Nonviolence_sentences,H,M,H→M
MLK_ On Peace and Nonviolence_sentences,M,H,M→H
MLK_ On Peace and Nonviolence_sentences,H,H,H→H
MLK_ Paul's Letter to American Christians_sentences,M,H,M→H
MLK_ Paul's Letter to American Christians_sentences,H,M,H→M
MLK_ Paul's Letter to American Christians_sentences,M,M,M→M
MLK_ Paul's Letter to American Christians_sentences,M,H,M→H
MLK_ Paul's Letter to American Christians_sentences,H,M,H→M
MLK_ Paul's Letter to American Christians_sentences,M,S,M→S
MLK_ Paul's Letter to American Christians_sentences,S,M,S→M
MLK_ Paul's Letter to American Christians_sentences,M,S,M→S
MLK_ Paul's Letter to American Christians_sentences,S,H,S→H
MLK_ Paul's Letter to American Christians_sentences,H,M,H→M
MLK_ Paul's Letter to American Christians_sentences,M,M,M→M
MLK_ Paul's Letter to American Christians_sentences,M,S,M→S
MLK_ Paul's Letter to American Christians_sentences,S,S,S→S
MLK_ Paul's Letter to American Christians_sentences,S,M,S→M
MLK_ Paul's Letter to American Christians_sentences,M,S,M→S
MLK_ Paul's Letter to American Christians_sentences,S,M,S→M
MLK_ Paul's Letter to American Christians_sentences,M,H,M→H
MLK_ Paul's Letter to American Christians_sentences,H,S,H→S
MLK_ Paul's Letter to American Christians_sentences,S,S,S→S
MLK_ Paul's Letter to American Christians_sentences,S,M,S→M
MLK_ Paul's Letter to American Christians_sentences,M,S,M→S
MLK_ Paul's Letter to American Christians_sentences,S,M,S→M
MLK_ Paul's Letter to American Christians_sentences,M,M,M→M
MLK_ Paul's Letter to American Christians_sentences,M,S,M→S
MLK_ Paul's Letter to American Christians_sentences,S,M,S→M
MLK_ Paul's Letter to American Christians_sentences,M,M,M→M
MLK_ Paul's Letter to American Christians_sentences,M,M,M→M
MLK_ Paul's Letter to American Christians_sentences,M,M,M→M
MLK_ Paul's Letter to American Christians_sentences,M,S,M→S
MLK_ Paul's Letter to American Christians_sentences,S,S,S→S
MLK_ Paul's Letter to American Christians_sentences,S,S,S→S
MLK_ Paul's Letter to American Christians_sentences,S,S,S→S
MLK_ Paul's Letter to American Christians_sentences,S,S,S→S
MLK_ Paul's Letter to American Christians_sentences,S,H,S→H
MLK_ Paul's Letter to American Christians_sentences,H,H,H→H
MLK_ Paul's Letter to American Christians_sentences,H,H,H→H
MLK_ Paul's Letter to American Christians_sentences,H,M,H→M
MLK_ Paul's Letter to American Christians_sentences,M,H,M→H
MLK_ Paul's Letter to American Christians_sentences,H,M,H→M
MLK_ Paul's Letter to American Christians_sentences,M,M,M→M
MLK_ Paul's Letter to American Christians_sentences,M,M,M→M
MLK_ Paul's Letter to American Christians_sentences,M,M,M→M
MLK_ Paul's Letter to American Christians_sentences,M,H,M→H
MLK_ Paul's Letter to American Christians_sentences,H,S,H→S
MLK_ Paul's Letter to American Christians_sentences,S,H,S→H
MLK_ Paul's Letter to American Christians_sentences,H,H,H→H
MLK_ Paul's Letter to American Christians_sentences,H,H,H→H
MLK_ Paul's Letter to American Christians_sentences,H,S,H→S
MLK_ Paul's Letter to American Christians_sentences,S,M,S→M
MLK_ Paul's Letter to American Christians_sentences,M,M,M→M
MLK_ Paul's Letter to American Christians_sentences,M,M,M→M
MLK_ Paul's Letter to American Christians_sentences,M,S,M→S
MLK_ Paul's Letter to American Christians_sentences,S,S,S→S
MLK_ Paul's Letter to American Christians_sentences,S,M,S→M
MLK_ Paul's Letter to American Christians_sentences,M,S,M→S
MLK_ Paul's Letter to American Christians_sentences,S,S,S→S
MLK_ Paul's Letter to American Christians_sentences,S,H,S→H
MLK_ Paul's Letter to American Christians_sentences,H,M,H→M
MLK_ Paul's Letter to American Christians_sentences,M,S,M→S
MLK_ Paul's Letter to American Christians_sentences,S,M,S→M
MLK_ Paul's Letter to American Christians_sentences,M,M,M→M
MLK_ Paul's Letter to American Christians_sentences,M,H,M→H
MLK_ Paul's Letter to American Christians_sentences,H,S,H→S
MLK_ Paul's Letter to American Christians_sentences,S,S,S→S
MLK_ Paul's Letter to American Christians_sentences,S,S,S→S
MLK_ Paul's Letter to American Christians_sentences,S,M,S→M
MLK_ Paul's Letter to American Christians_sentences,M,S,M→S
MLK_ Paul's Letter to American Christians_sentences,S,M,S→M
MLK_ Paul's Letter to American Christians_sentences,M,H,M→H
MLK_ Paul's Letter to American Christians_sentences,H,M,H→M
MLK_ Paul's Letter to American Christians_sentences,M,S,M→S
MLK_ Paul's Letter to American Christians_sentences,S,M,S→M
MLK_ Paul's Letter to American Christians_sentences,M,H,M→H
MLK_ Paul's Letter to American Christians_sentences,H,M,H→M
MLK_ Paul's Letter to American Christians_sentences,M,M,M→M
MLK_ Paul's Letter to American Christians_sentences,M,M,M→M
MLK_ Paul's Letter to American Christians_sentences,M,M,M→M
MLK_ Paul's Letter to American Christians_sentences,M,S,M→S
MLK_ Paul's Letter to American Christians_sentences,S,M,S→M
MLK_ Paul's Letter to American Christians_sentences,M,S,M→S
MLK_ Paul's Letter to American Christians_sentences,S,M,S→M
MLK_ Paul's Letter to American Christians_sentences,M,H,M→H
MLK_ Paul's Letter to American Christians_sentences,H,M,H→M
MLK_ Paul's Letter to American Christians_sentences,M,S,M→S
MLK_ Paul's Letter to American Christians_sentences,S,H,S→H
MLK_ Paul's Letter to American Christians_sentences,H,H,H→H
MLK_ Paul's Letter to American Christians_sentences,H,S,H→S
MLK_ Paul's Letter to American Christians_sentences,S,M,S→M
MLK_ Paul's Letter to American Christians_sentences,M,H,M→H
MLK_ Paul's Letter to American Christians_sentences,H,S,H→S
MLK_ Paul's Letter to American Christians_sentences,S,M,S→M
MLK_ Paul's Letter to American Christians_sentences,M,M,M→M
MLK_ Paul's Letter to American Christians_sentences,M,S,M→S
MLK_ Paul's Letter to American Christians_sentences,S,M,S→M
MLK_ Paul's Letter to American Christians_sentences,M,S,M→S
MLK_ Paul's Letter to American Christians_sentences,S,S,S→S
MLK_ Paul's Letter to American Christians_sentences,S,S,S→S
MLK_ Paul's Letter to American Christians_sentences,S,S,S→S
MLK_ Paul's Letter to American Christians_sentences,S,S,S→S
MLK_ Paul's Letter to American Christians_sentences,S,M,S→M
MLK_ Paul's Letter to American Christians_sentences,M,M,M→M
MLK_ Paul's Letter to American Christians_sentences,M,M,M→M
MLK_ Paul's Letter to American Christians_sentences,M,H,M→H
MLK_ Paul's Letter to American Christians_sentences,H,M,H→M
MLK_ Paul's Letter to American Christians_sentences,M,M,M→M
MLK_ Paul's Letter to American Christians_sentences,M,M,M→M
MLK_ Paul's Letter to American Christians_sentences,M,H,M→H
MLK_ Paul's Letter to American Christians_sentences,H,H,H→H
MLK_ Paul's Letter to American Christians_sentences,H,M,H→M
MLK_ Paul's Letter to American Christians_sentences,M,S,M→S
MLK_ Paul's Letter to American Christians_sentences,S,H,S→H
MLK_ Paul's Letter to American Christians_sentences,H,H,H→H
MLK_ Paul's Letter to American Christians_sentences,H,M,H→M
MLK_ Paul's Letter to American Christians_sentences,M,H,M→H
MLK_ Paul's Letter to American Christians_sentences,H,H,H→H
MLK_ Paul's Letter to American Christians_sentences,H,H,H→H
MLK_ Paul's Letter to American Christians_sentences,H,H,H→H
MLK_ Paul's Letter to American Christians_sentences,H,H,H→H
MLK_ Paul's Letter to American Christians_sentences,H,S,H→S
MLK_ Paul's Letter to American Christians_sentences,S,H,S→H
MLK_ Paul's Letter to American Christians_sentences,H,S,H→S
MLK_ Paul's Letter to American Christians_sentences,S,M,S→M
MLK_ Paul's Letter to American Christians_sentences,M,M,M→M
MLK_ Paul's Letter to American Christians_sentences,M,M,M→M
MLK_ Paul's Letter to American Christians_sentences,M,S,M→S
MLK_ Paul's Letter to American Christians_sentences,S,M,S→M
MLK_ Paul's Letter to American Christians_sentences,M,M,M→M
MLK_ Paul's Letter to American Christians_sentences,M,S,M→S
MLK_ Paul's Letter to American Christians_sentences,S,M,S→M
MLK_ Paul's Letter to American Christians_sentences,M,H,M→H
MLK_ Paul's Letter to American Christians_sentences,H,M,H→M
MLK_ Paul's Letter to American Christians_sentences,M,M,M→M
MLK_ Paul's Letter to American Christians_sentences,M,H,M→H
MLK_ Paul's Letter to American Christians_sentences,H,M,H→M
MLK_ Paul's Letter to American Christians_sentences,M,S,M→S
MLK_ Paul's Letter to American Christians_sentences,S,H,S→H
MLK_ Paul's Letter to American Christians_sentences,H,H,H→H
MLK_ Paul's Letter to American Christians_sentences,H,M,H→M
MLK_ Paul's Letter to American Christians_sentences,M,M,M→M
MLK_ Paul's Letter to American Christians_sentences,M,M,M→M
MLK_ Paul's Letter to American Christians_sentences,M,M,M→M
MLK_ Paul's Letter to American Christians_sentences,M,M,M→M
MLK_ Paul's Letter to American Christians_sentences,M,M,M→M
MLK_ Paul's Letter to American Christians_sentences,M,M,M→M
MLK_ Paul's Letter to American Christians_sentences,M,M,M→M
MLK_ Paul's Letter to American Christians_sentences,M,M,M→M
MLK_ Paul's Letter to American Christians_sentences,M,H,M→H
MLK_ Paul's Letter to American Christians_sentences,H,M,H→M
MLK_ Paul's Letter to American Christians_sentences,M,S,M→S
MLK_ Paul's Letter to American Christians_sentences,S,M,S→M
MLK_ Paul's Letter to American Christians_sentences,M,M,M→M
MLK_ Paul's Letter to American Christians_sentences,M,H,M→H
MLK_ Paul's Letter to American Christians_sentences,H,S,H→S
MLK_ Paul's Letter to American Christians_sentences,S,H,S→H
MLK_ Paul's Letter to American Christians_sentences,H,S,H→S
MLK_ Paul's Letter to American Christians_sentences,S,S,S→S
MLK_ Paul's Letter to American Christians_sentences,S,M,S→M
MLK_ Paul's Letter to American Christians_sentences,M,H,M→H
MLK_ Paul's Letter to American Christians_sentences,H,M,H→M
MLK_ Paul's Letter to American Christians_sentences,M,M,M→M
MLK_ Paul's Letter to American Christians_sentences,M,H,M→H
MLK_ Paul's Letter to American Christians_sentences,H,M,H→M
MLK_ Paul's Letter to American Christians_sentences,M,M,M→M
MLK_ Paul's Letter to American Christians_sentences,M,M,M→M
MLK_ Paul's Letter to American Christians_sentences,M,M,M→M
MLK_ Paul's Letter to American Christians_sentences,M,S,M→S
MLK_ Paul's Letter to American Christians_sentences,S,M,S→M
MLK_ Paul's Letter to American Christians_sentences,M,M,M→M
MLK_ Paul's Letter to American Christians_sentences,M,M,M→M
MLK_ Paul's Letter to American Christians_sentences,M,S,M→S
MLK_ Paul's Letter to American Christians_sentences,S,M,S→M
MLK_ Paul's Letter to American Christians_sentences,M,M,M→M
MLK_ Paul's Letter to American Christians_sentences,M,M,M→M
MLK_ Paul's Letter to American Christians_sentences,M,S,M→S
MLK_ Paul's Letter to American Christians_sentences,S,M,S→M
MLK_ Paul's Letter to American Christians_sentences,M,S,M→S
MLK_ Paul's Letter to American Christians_sentences,S,H,S→H
MLK_ Paul's Letter to American Christians_sentences,H,S,H→S
MLK_ Paul's Letter to American Christians_sentences,S,S,S→S
MLK_ Paul's Letter to American Christians_sentences,S,M,S→M
MLK_ Paul's Letter to American Christians_sentences,M,S,M→S
MLK_ Paul's Letter to American Christians_sentences,S,S,S→S
MLK_ Paul's Letter to American Christians_sentences,S,S,S→S
MLK_ Paul's Letter to American Christians_sentences,S,M,S→M
MLK_ Paul's Letter to American Christians_sentences,M,H,M→H
MLK_ Paul's Letter to American Christians_sentences,H,M,H→M
MLK_ Paul's Letter to American Christians_sentences,M,S,M→S
MLK_ Paul's Letter to American Christians_sentences,S,S,S→S
MLK_ Paul's Letter to American Christians_sentences,S,M,S→M
MLK_ Paul's Letter to American Christians_sentences,M,S,M→S
MLK_ Paul's Letter to American Christians_sentences,S,S,S→S
MLK_ Paul's Letter to American Christians_sentences,S,M,S→M
MLK_ Paul's Letter to American Christians_sentences,M,S,M→S
MLK_ Paul's Letter to American Christians_sentences,S,S,S→S
MLK_ Paul's Letter to American Christians_sentences,S,S,S→S
MLK_ Paul's Letter to American Christians_sentences,S,S,S→S
MLK_ Paul's Letter to American Christians_sentences,S,S,S→S
MLK_ Paul's Letter to American Christians_sentences,S,M,S→M
MLK_ Paul's Letter to American Christians_sentences,M,S,M→S
MLK_ Paul's Letter to American Christians_sentences,S,S,S→S
MLK_ Paul's Letter to American Christians_sentences,S,H,S→H
MLK_ Paul's Letter to American Christians_sentences,H,S,H→S
MLK_ Paul's Letter to American Christians_sentences,S,M,S→M
MLK_ Paul's Letter to American Christians_sentences,M,H,M→H
MLK_ Paul's Letter to American Christians_sentences,H,S,H→S
MLK_ Paul's Letter to American Christians_sentences,S,S,S→S
MLK_ Paul's Letter to American Christians_sentences,S,S,S→S
MLK_ Paul's Letter to American Christians_sentences,S,S,S→S
MLK_ Paul's Letter to American Christians_sentences,S,S,S→S
MLK_ Paul's Letter to American Christians_sentences,S,S,S→S
MLK_ Paul's Letter to American Christians_sentences,S,S,S→S
MLK_ Paul's Letter to American Christians_sentences,S,M,S→M
MLK_ Paul's Letter to American Christians_sentences,M,S,M→S
MLK_ Paul's Letter to American Christians_sentences,S,M,S→M
MLK_ Paul's Letter to American Christians_sentences,M,S,M→S
MLK_ Paul's Letter to American Christians_sentences,S,M,S→M
MLK_ Paul's Letter to American Christians_sentences,M,S,M→S
MLK_ Paul's Letter to American Christians_sentences,S,S,S→S
MLK_ Paul's Letter to American Christians_sentences,S,H,S→H
MLK_ Paul's Letter to American Christians_sentences,H,S,H→S
MLK_ Paul's Letter to American Christians_sentences,S,S,S→S
MLK_ Paul's Letter to American Christians_sentences,S,M,S→M
MLK_ Paul's Letter to American Christians_sentences,M,S,M→S
MLK_ Paul's Letter to American Christians_sentences,S,S,S→S
MLK_ Paul's Letter to American Christians_sentences,S,M,S→M
MLK_ Paul's Letter to American Christians_sentences,M,H,M→H
MLK_ Paul's Letter to American Christians_sentences,H,M,H→M
MLK_ Paul's Letter to American Christians_sentences,M,S,M→S
MLK_ Paul's Letter to American Christians_sentences,S,M,S→M
MLK_ Paul's Letter to American Christians_sentences,M,M,M→M
MLK_ Paul's Letter to American Christians_sentences,M,M,M→M
MLK_ Paul's Letter to American Christians_sentences,M,M,M→M
MLK_ Paul's Letter to American Christians_sentences,M,S,M→S
MLK_ Paul's Letter to American Christians_sentences,S,H,S→H
MLK_ Paul's Letter to American Christians_sentences,H,H,H→H
MLK_ Paul's Letter to American Christians_sentences,H,M,H→M
MLK_ Paul's Letter to American Christians_sentences,M,M,M→M
MLK_ Paul's Letter to American Christians_sentences,M,M,M→M
MLK_ Paul's Letter to American Christians_sentences,M,M,M→M
MLK_ Paul's Letter to American Christians_sentences,M,H,M→H
MLK_ Paul's Letter to American Christians_sentences,H,H,H→H
MLK_ Paul's Letter to American Christians_sentences,H,M,H→M
MLK_ Paul's Letter to American Christians_sentences,M,S,M→S
MLK_ Paul's Letter to American Christians_sentences,S,H,S→H
MLK_ Paul's Letter to American Christians_sentences,H,S,H→S
MLK_ Paul's Letter to American Christians_sentences,S,S,S→S
MLK_ Paul's Letter to American Christians_sentences,S,M,S→M
MLK_ Paul's Letter to American Christians_sentences,M,H,M→H
MLK_ Paul's Letter to American Christians_sentences,H,M,H→M
MLK_ Paul's Letter to American Christians_sentences,M,M,M→M
MLK_ Paul's Letter to American Christians_sentences,M,H,M→H
MLK_ Paul's Letter to American Christians_sentences,H,H,H→H
MLK_ Paul's Letter to American Christians_sentences,H,H,H→H
MLK_ Paul's Letter to American Christians_sentences,H,H,H→H
MLK_ Paul's Letter to American Christians_sentences,H,H,H→H
MLK_ Paul's Letter to American Christians_sentences,H,H,H→H
MLK_ The Other America_sentences,H,H,H→H
MLK_ The Other America_sentences,H,M,H→M
MLK_ The Other America_sentences,M,M,M→M
MLK_ The Other America_sentences,M,M,M→M
MLK_ The Other America_sentences,M,S,M→S
MLK_ The Other America_sentences,S,H,S→H
MLK_ The Other America_sentences,H,H,H→H
MLK_ The Other America_sentences,H,H,H→H
MLK_ The Other America_sentences,H,H,H→H
MLK_ The Other America_sentences,H,M,H→M
MLK_ The Other America_sentences,M,H,M→H
MLK_ The Other America_sentences,H,H,H→H
MLK_ The Other America_sentences,H,M,H→M
MLK_ The Other America_sentences,M,H,M→H
MLK_ The Other America_sentences,H,H,H→H
MLK_ The Other America_sentences,H,M,H→M
MLK_ The Other America_sentences,M,M,M→M
MLK_ The Other America_sentences,M,M,M→M
MLK_ The Other America_sentences,M,H,M→H
MLK_ The Other America_sentences,H,H,H→H
MLK_ The Other America_sentences,H,H,H→H
MLK_ The Other America_sentences,H,H,H→H
MLK_ The Other America_sentences,H,H,H→H
MLK_ The Other America_sentences,H,H,H→H
MLK_ The Other America_sentences,H,M,H→M
MLK_ The Other America_sentences,M,S,M→S
MLK_ The Other America_sentences,S,M,S→M
MLK_ The Other America_sentences,M,M,M→M
MLK_ The Other America_sentences,M,M,M→M
MLK_ The Other America_sentences,M,M,M→M
MLK_ The Other America_sentences,M,H,M→H
MLK_ The Other America_sentences,H,M,H→M
MLK_ The Other America_sentences,M,H,M→H
MLK_ The Other America_sentences,H,H,H→H
MLK_ The Other America_sentences,H,M,H→M
MLK_ The Other America_sentences,M,H,M→H
MLK_ The Other America_sentences,H,H,H→H
MLK_ The Other America_sentences,H,M,H→M
MLK_ The Other America_sentences,M,M,M→M
MLK_ The Other America_sentences,M,H,M→H
MLK_ The Other America_sentences,H,H,H→H
MLK_ The Other America_sentences,H,M,H→M
MLK_ The Other America_sentences,M,M,M→M
MLK_ The Other America_sentences,M,H,M→H
MLK_ The Other America_sentences,H,M,H→M
MLK_ The Other America_sentences,M,M,M→M
MLK_ The Other America_sentences,M,M,M→M
MLK_ The Other America_sentences,M,H,M→H
MLK_ The Other America_sentences,H,M,H→M
MLK_ The Other America_sentences,M,M,M→M
MLK_ The Other America_sentences,M,M,M→M
MLK_ The Other America_sentences,M,M,M→M
MLK_ The Other America_sentences,M,M,M→M
MLK_ The Other America_sentences,M,M,M→M
MLK_ The Other America_sentences,M,H,M→H
MLK_ The Other America_sentences,H,S,H→S
MLK_ The Other America_sentences,S,H,S→H
MLK_ The Other America_sentences,H,S,H→S
MLK_ The Other America_sentences,S,M,S→M
MLK_ The Other America_sentences,M,M,M→M
MLK_ The Other America_sentences,M,M,M→M
MLK_ The Other America_sentences,M,M,M→M
MLK_ The Other America_sentences,M,S,M→S
MLK_ The Other America_sentences,S,S,S→S
MLK_ The Other America_sentences,S,M,S→M
MLK_ The Other America_sentences,M,M,M→M
MLK_ The Other America_sentences,M,M,M→M
MLK_ The Other America_sentences,M,M,M→M
MLK_ The Other America_sentences,M,H,M→H
MLK_ The Other America_sentences,H,S,H→S
MLK_ The Other America_sentences,S,M,S→M
MLK_ The Other America_sentences,M,H,M→H
MLK_ The Other America_sentences,H,H,H→H
MLK_ The Other America_sentences,H,H,H→H
MLK_ The Other America_sentences,H,H,H→H
MLK_ The Other America_sentences,H,M,H→M
MLK_ The Other America_sentences,M,M,M→M
MLK_ The Other America_sentences,M,H,M→H
MLK_ The Other America_sentences,H,H,H→H
MLK_ The Other America_sentences,H,H,H→H
MLK_ The Other America_sentences,H,H,H→H
MLK_ The Other America_sentences,H,S,H→S
MLK_ The Other America_sentences,S,M,S→M
MLK_ The Other America_sentences,M,S,M→S
MLK_ The Other America_sentences,S,S,S→S
MLK_ The Other America_sentences,S,S,S→S
MLK_ The Other America_sentences,S,M,S→M
MLK_ The Other America_sentences,M,M,M→M
MLK_ The Other America_sentences,M,H,M→H
MLK_ The Other America_sentences,H,H,H→H
MLK_ The Other America_sentences,H,M,H→M
MLK_ The Other America_sentences,M,H,M→H
MLK_ The Other America_sentences,H,M,H→M
MLK_ The Other America_sentences,M,M,M→M
MLK_ The Other America_sentences,M,M,M→M
MLK_ The Other America_sentences,M,M,M→M
MLK_ The Other America_sentences,M,M,M→M
MLK_ The Other America_sentences,M,M,M→M
MLK_ The Other America_sentences,M,H,M→H
MLK_ The Other America_sentences,H,M,H→M
MLK_ The Other America_sentences,M,H,M→H
MLK_ The Other America_sentences,H,H,H→H
MLK_ The Other America_sentences,H,H,H→H
MLK_ The Other America_sentences,H,M,H→M
MLK_ The Other America_sentences,M,H,M→H
MLK_ The Other America_sentences,H,M,H→M
MLK_ The Other America_sentences,M,H,M→H
MLK_ The Other America_sentences,H,M,H→M
MLK_ The Other America_sentences,M,H,M→H
MLK_ The Other America_sentences,H,H,H→H
MLK_ The Other America_sentences,H,H,H→H
MLK_ The Other America_sentences,H,M,H→M
MLK_ The Other America_sentences,M,H,M→H
MLK_ The Other America_sentences,H,H,H→H
MLK_ The Other America_sentences,H,M,H→M
MLK_ The Other America_sentences,M,H,M→H
MLK_ The Other America_sentences,H,M,H→M
MLK_ The Other America_sentences,M,H,M→H
MLK_ The Other America_sentences,H,M,H→M
MLK_ The Other America_sentences,M,M,M→M
MLK_ The Other America_sentences,M,M,M→M
MLK_ The Other America_sentences,M,H,M→H
MLK_ The Other America_sentences,H,M,H→M
MLK_ The Other America_sentences,M,S,M→S
MLK_ The Other America_sentences,S,M,S→M
MLK_ The Other America_sentences,M,M,M→M
MLK_ The Other America_sentences,M,H,M→H
MLK_ The Other America_sentences,H,M,H→M
MLK_ The Other America_sentences,M,H,M→H
MLK_ The Other America_sentences,H,H,H→H
MLK_ The Other America_sentences,H,M,H→M
MLK_ The Other America_sentences,M,M,M→M
MLK_ The Other America_sentences,M,H,M→H
MLK_ The Other America_sentences,H,H,H→H
MLK_ The Other America_sentences,H,M,H→M
MLK_ The Other America_sentences,M,M,M→M
MLK_ The Other America_sentences,M,M,M→M
MLK_ The Other America_sentences,M,M,M→M
MLK_ The Other America_sentences,M,M,M→M
MLK_ The Other America_sentences,M,S,M→S
MLK_ The Other America_sentences,S,H,S→H
MLK_ The Other America_sentences,H,H,H→H
MLK_ The Other America_sentences,H,H,H→H
MLK_ The Other America_sentences,H,M,H→M
MLK_ The Other America_sentences,M,H,M→H
MLK_ The Other America_sentences,H,S,H→S
MLK_ The Other America_sentences,S,M,S→M
MLK_ The Other America_sentences,M,H,M→H
MLK_ The Other America_sentences,H,M,H→M
MLK_ The Other America_sentences,M,S,M→S
MLK_ The Other America_sentences,S,M,S→M
MLK_ The Other America_sentences,M,H,M→H
MLK_ The Other America_sentences,H,S,H→S
MLK_ The Other America_sentences,S,M,S→M
MLK_ The Other America_sentences,M,H,M→H
MLK_ The Other America_sentences,H,M,H→M
MLK_ The Other America_sentences,M,S,M→S
MLK_ The Other America_sentences,S,S,S→S
MLK_ The Other America_sentences,S,M,S→M
MLK_ The Other America_sentences,M,H,M→H
MLK_ The Other America_sentences,H,H,H→H
MLK_ The Other America_sentences,H,H,H→H
MLK_ The Other America_sentences,H,M,H→M
MLK_ The Other America_sentences,M,S,M→S
MLK_ The Other America_sentences,S,M,S→M
MLK_ The Other America_sentences,M,M,M→M
MLK_ The Other America_sentences,M,M,M→M
MLK_ The Other America_sentences,M,H,M→H
MLK_ The Other America_sentences,H,H,H→H
MLK_ The Other America_sentences,H,H,H→H
MLK_ The Other America_sentences,H,M,H→M
MLK_ The Other America_sentences,M,M,M→M
MLK_ The Other America_sentences,M,H,M→H
MLK_ The Other America_sentences,H,M,H→M
MLK_ The Other America_sentences,M,M,M→M
MLK_ The Other America_sentences,M,S,M→S
MLK_ The Other America_sentences,S,M,S→M
MLK_ The Other America_sentences,M,S,M→S
MLK_ The Other America_sentences,S,S,S→S
MLK_ The Other America_sentences,S,M,S→M
MLK_ The Other America_sentences,M,H,M→H
MLK_ The Other America_sentences,H,M,H→M
MLK_ The Other America_sentences,M,M,M→M
MLK_ The Other America_sentences,M,M,M→M
MLK_ The Other America_sentences,M,H,M→H
MLK_ The Other America_sentences,H,M,H→M
MLK_ The Other America_sentences,M,S,M→S
MLK_ The Other America_sentences,S,M,S→M
MLK_ The Other America_sentences,M,S,M→S
MLK_ The Other America_sentences,S,S,S→S
MLK_ The Other America_sentences,S,M,S→M
MLK_ The Other America_sentences,M,H,M→H
MLK_ The Other America_sentences,H,M,H→M
MLK_ The Other America_sentences,M,M,M→M
MLK_ The Other America_sentences,M,M,M→M
MLK_ The Other America_sentences,M,S,M→S
MLK_ The Other America_sentences,S,M,S→M
MLK_ The Other America_sentences,M,H,M→H
MLK_ The Other America_sentences,H,M,H→M
MLK_ The Other America_sentences,M,M,M→M
MLK_ The Other America_sentences,M,H,M→H
MLK_ The Other America_sentences,H,S,H→S
MLK_ The Other America_sentences,S,H,S→H
MLK_ The Other America_sentences,H,H,H→H
MLK_ The Other America_sentences,H,M,H→M
MLK_ The Other America_sentences,M,H,M→H
MLK_ The Other America_sentences,H,H,H→H
MLK_ The Other America_sentences,H,S,H→S
MLK_ The Other America_sentences,S,H,S→H
MLK_ The Other America_sentences,H,H,H→H
MLK_ The Other America_sentences,H,H,H→H
MLK_ The Other America_sentences,H,M,H→M
MLK_ The Other America_sentences,M,H,M→H
MLK_ The Other America_sentences,H,M,H→M
MLK_ The Other America_sentences,M,H,M→H
MLK_ The Other America_sentences,H,H,H→H
MLK_ The Other America_sentences,H,H,H→H
MLK_ The Other America_sentences,H,H,H→H
MLK_ The Other America_sentences,H,H,H→H
MLK_ The Other America_sentences,H,S,H→S
MLK_ The Other America_sentences,S,H,S→H
MLK_ The Other America_sentences,H,M,H→M
MLK_ The Other America_sentences,M,M,M→M
MLK_ The Other America_sentences,M,H,M→H
MLK_ The Other America_sentences,H,H,H→H
MLK_ The Other America_sentences,H,M,H→M
MLK_ The Other America_sentences,M,H,M→H
MLK_ The Other America_sentences,H,H,H→H
MLK_ The Other America_sentences,H,H,H→H
MLK_ The Other America_sentences,H,M,H→M
MLK_ The Other America_sentences,M,H,M→H
MLK_ The Other America_sentences,H,H,H→H
MLK_ The Other America_sentences,H,H,H→H
"Martin Luther King Jr. 'Love Your Enemies' November 17, 1957_sentences",M,H,M→H
"Martin Luther King Jr. 'Love Your Enemies' November 17, 1957_sentences",H,H,H→H
"Martin Luther King Jr. 'Love Your Enemies' November 17, 1957_sentences",H,M,H→M
"Martin Luther King Jr. 'Love Your Enemies' November 17, 1957_sentences",M,H,M→H
"Martin Luther King Jr. 'Love Your Enemies' November 17, 1957_sentences",H,H,H→H
"Martin Luther King Jr. 'Love Your Enemies' November 17, 1957_sentences",H,M,H→M
"Martin Luther King Jr. 'Love Your Enemies' November 17, 1957_sentences",M,M,M→M
"Martin Luther King Jr. 'Love Your Enemies' November 17, 1957_sentences",M,M,M→M
"Martin Luther King Jr. 'Love Your Enemies' November 17, 1957_sentences",M,M,M→M
"Martin Luther King Jr. 'Love Your Enemies' November 17, 1957_sentences",M,S,M→S
"Martin Luther King Jr. 'Love Your Enemies' November 17, 1957_sentences",S,M,S→M
"Martin Luther King Jr. 'Love Your Enemies' November 17, 1957_sentences",M,M,M→M
"Martin Luther King Jr. 'Love Your Enemies' November 17, 1957_sentences",M,M,M→M
"Martin Luther King Jr. 'Love Your Enemies' November 17, 1957_sentences",M,M,M→M
"Martin Luther King Jr. 'Love Your Enemies' November 17, 1957_sentences",M,M,M→M
"Martin Luther King Jr. 'Love Your Enemies' November 17, 1957_sentences",M,M,M→M
"Martin Luther King Jr. 'Love Your Enemies' November 17, 1957_sentences",M,H,M→H
"Martin Luther King Jr. 'Love Your Enemies' November 17, 1957_sentences",H,M,H→M
"Martin Luther King Jr. 'Love Your Enemies' November 17, 1957_sentences",M,M,M→M
"Martin Luther King Jr. 'Love Your Enemies' November 17, 1957_sentences",M,M,M→M
"Martin Luther King Jr. 'Love Your Enemies' November 17, 1957_sentences",M,M,M→M
"Martin Luther King Jr. 'Love Your Enemies' November 17, 1957_sentences",M,H,M→H
"Martin Luther King Jr. 'Love Your Enemies' November 17, 1957_sentences",H,M,H→M
"Martin Luther King Jr. 'Love Your Enemies' November 17, 1957_sentences",M,H,M→H
"Martin Luther King Jr. 'Love Your Enemies' November 17, 1957_sentences",H,M,H→M
"Martin Luther King Jr. 'Love Your Enemies' November 17, 1957_sentences",M,H,M→H
"Martin Luther King Jr. 'Love Your Enemies' November 17, 1957_sentences",H,M,H→M
"Martin Luther King Jr. 'Love Your Enemies' November 17, 1957_sentences",M,M,M→M
"Martin Luther King Jr. 'Love Your Enemies' November 17, 1957_sentences",M,M,M→M
"Martin Luther King Jr. 'Love Your Enemies' November 17, 1957_sentences",M,M,M→M
"Martin Luther King Jr. 'Love Your Enemies' November 17, 1957_sentences",M,M,M→M
"Martin Luther King Jr. 'Love Your Enemies' November 17, 1957_sentences",M,M,M→M
"Martin Luther King Jr. 'Love Your Enemies' November 17, 1957_sentences",M,S,M→S
"Martin Luther King Jr. 'Love Your Enemies' November 17, 1957_sentences",S,S,S→S
"Martin Luther King Jr. 'Love Your Enemies' November 17, 1957_sentences",S,S,S→S
"Martin Luther King Jr. 'Love Your Enemies' November 17, 1957_sentences",S,M,S→M
"Martin Luther King Jr. 'Love Your Enemies' November 17, 1957_sentences",M,M,M→M
"Martin Luther King Jr. 'Love Your Enemies' November 17, 1957_sentences",M,M,M→M
"Martin Luther King Jr. 'Love Your Enemies' November 17, 1957_sentences",M,M,M→M
"Martin Luther King Jr. 'Love Your Enemies' November 17, 1957_sentences",M,S,M→S
"Martin Luther King Jr. 'Love Your Enemies' November 17, 1957_sentences",S,H,S→H
"Martin Luther King Jr. 'Love Your Enemies' November 17, 1957_sentences",H,H,H→H
"Martin Luther King Jr. 'Love Your Enemies' November 17, 1957_sentences",H,S,H→S
"Martin Luther King Jr. 'Love Your Enemies' November 17, 1957_sentences",S,M,S→M
"Martin Luther King Jr. 'Love Your Enemies' November 17, 1957_sentences",M,M,M→M
"Martin Luther King Jr. 'Love Your Enemies' November 17, 1957_sentences",M,H,M→H
"Martin Luther King Jr. 'Love Your Enemies' November 17, 1957_sentences",H,H,H→H
"Martin Luther King Jr. 'Love Your Enemies' November 17, 1957_sentences",H,H,H→H
"Martin Luther King Jr. 'Love Your Enemies' November 17, 1957_sentences",H,H,H→H
"Martin Luther King Jr. 'Love Your Enemies' November 17, 1957_sentences",H,H,H→H
"Martin Luther King Jr. 'Love Your Enemies' November 17, 1957_sentences",H,M,H→M
"Martin Luther King Jr. 'Love Your Enemies' November 17, 1957_sentences",M,H,M→H
"Martin Luther King Jr. 'Love Your Enemies' November 17, 1957_sentences",H,H,H→H
"Martin Luther King Jr. 'Love Your Enemies' November 17, 1957_sentences",H,H,H→H
"Martin Luther King Jr. 'Love Your Enemies' November 17, 1957_sentences",H,H,H→H
"Martin Luther King Jr. 'Love Your Enemies' November 17, 1957_sentences",H,H,H→H
"Martin Luther King Jr. 'Love Your Enemies' November 17, 1957_sentences",H,M,H→M
"Martin Luther King Jr. 'Love Your Enemies' November 17, 1957_sentences",M,H,M→H
"Martin Luther King Jr. 'Love Your Enemies' November 17, 1957_sentences",H,H,H→H
"Martin Luther King Jr. 'Love Your Enemies' November 17, 1957_sentences",H,S,H→S
"Martin Luther King Jr. 'Love Your Enemies' November 17, 1957_sentences",S,M,S→M
"Martin Luther King Jr. 'Love Your Enemies' November 17, 1957_sentences",M,M,M→M
"Martin Luther King Jr. 'Love Your Enemies' November 17, 1957_sentences",M,S,M→S
"Martin Luther King Jr. 'Love Your Enemies' November 17, 1957_sentences",S,S,S→S
"Martin Luther King Jr. 'Love Your Enemies' November 17, 1957_sentences",S,M,S→M
"Martin Luther King Jr. 'Love Your Enemies' November 17, 1957_sentences",M,M,M→M
"Martin Luther King Jr. 'Love Your Enemies' November 17, 1957_sentences",M,S,M→S
"Martin Luther King Jr. 'Love Your Enemies' November 17, 1957_sentences",S,M,S→M
"Martin Luther King Jr. 'Love Your Enemies' November 17, 1957_sentences",M,H,M→H
"Martin Luther King Jr. 'Love Your Enemies' November 17, 1957_sentences",H,S,H→S
"Martin Luther King Jr. 'Love Your Enemies' November 17, 1957_sentences",S,M,S→M
"Martin Luther King Jr. 'Love Your Enemies' November 17, 1957_sentences",M,S,M→S
"Martin Luther King Jr. 'Love Your Enemies' November 17, 1957_sentences",S,S,S→S
"Martin Luther King Jr. 'Love Your Enemies' November 17, 1957_sentences",S,H,S→H
"Martin Luther King Jr. 'Love Your Enemies' November 17, 1957_sentences",H,S,H→S
"Martin Luther King Jr. 'Love Your Enemies' November 17, 1957_sentences",S,S,S→S
"Martin Luther King Jr. 'Love Your Enemies' November 17, 1957_sentences",S,S,S→S
"Martin Luther King Jr. 'Love Your Enemies' November 17, 1957_sentences",S,S,S→S
"Martin Luther King Jr. 'Love Your Enemies' November 17, 1957_sentences",S,S,S→S
"Martin Luther King Jr. 'Love Your Enemies' November 17, 1957_sentences",S,S,S→S
"Martin Luther King Jr. 'Love Your Enemies' November 17, 1957_sentences",S,S,S→S
"Martin Luther King Jr. 'Love Your Enemies' November 17, 1957_sentences",S,M,S→M
"Martin Luther King Jr. 'Love Your Enemies' November 17, 1957_sentences",M,S,M→S
"Martin Luther King Jr. 'Love Your Enemies' November 17, 1957_sentences",S,S,S→S
"Martin Luther King Jr. 'Love Your Enemies' November 17, 1957_sentences",S,M,S→M
"Martin Luther King Jr. 'Love Your Enemies' November 17, 1957_sentences",M,M,M→M
"Martin Luther King Jr. 'Love Your Enemies' November 17, 1957_sentences",M,M,M→M
"Martin Luther King Jr. 'Love Your Enemies' November 17, 1957_sentences",M,S,M→S
"Martin Luther King Jr. 'Love Your Enemies' November 17, 1957_sentences",S,M,S→M
"Martin Luther King Jr. 'Love Your Enemies' November 17, 1957_sentences",M,M,M→M
"Martin Luther King Jr. 'Love Your Enemies' November 17, 1957_sentences",M,S,M→S
"Martin Luther King Jr. 'Love Your Enemies' November 17, 1957_sentences",S,M,S→M
"Martin Luther King Jr. 'Love Your Enemies' November 17, 1957_sentences",M,S,M→S
"Martin Luther King Jr. 'Love Your Enemies' November 17, 1957_sentences",S,H,S→H
"Martin Luther King Jr. 'Love Your Enemies' November 17, 1957_sentences",H,M,H→M
"Martin Luther King Jr. 'Love Your Enemies' November 17, 1957_sentences",M,H,M→H
"Martin Luther King Jr. 'Love Your Enemies' November 17, 1957_sentences",H,S,H→S
"Martin Luther King Jr. 'Love Your Enemies' November 17, 1957_sentences",S,M,S→M
"Martin Luther King Jr. 'Love Your Enemies' November 17, 1957_sentences",M,H,M→H
"Martin Luther King Jr. 'Love Your Enemies' November 17, 1957_sentences",H,S,H→S
"Martin Luther King Jr. 'Love Your Enemies' November 17, 1957_sentences",S,M,S→M
"Martin Luther King Jr. 'Love Your Enemies' November 17, 1957_sentences",M,H,M→H
"Martin Luther King Jr. 'Love Your Enemies' November 17, 1957_sentences",H,M,H→M
"Martin Luther King Jr. 'Love Your Enemies' November 17, 1957_sentences",M,H,M→H
"Martin Luther King Jr. 'Love Your Enemies' November 17, 1957_sentences",H,M,H→M
"Martin Luther King Jr. 'Love Your Enemies' November 17, 1957_sentences",M,M,M→M
"Martin Luther King Jr. 'Love Your Enemies' November 17, 1957_sentences",M,H,M→H
"Martin Luther King Jr. 'Love Your Enemies' November 17, 1957_sentences",H,M,H→M
"Martin Luther King Jr. 'Love Your Enemies' November 17, 1957_sentences",M,M,M→M
"Martin Luther King Jr. 'Love Your Enemies' November 17, 1957_sentences",M,S,M→S
"Martin Luther King Jr. 'Love Your Enemies' November 17, 1957_sentences",S,S,S→S
"Martin Luther King Jr. 'Love Your Enemies' November 17, 1957_sentences",S,S,S→S
"Martin Luther King Jr. 'Love Your Enemies' November 17, 1957_sentences",S,M,S→M
"Martin Luther King Jr. 'Love Your Enemies' November 17, 1957_sentences",M,S,M→S
"Martin Luther King Jr. 'Love Your Enemies' November 17, 1957_sentences",S,S,S→S
"Martin Luther King Jr. 'Love Your Enemies' November 17, 1957_sentences",S,M,S→M
"Martin Luther King Jr. 'Love Your Enemies' November 17, 1957_sentences",M,M,M→M
"Martin Luther King Jr. 'Love Your Enemies' November 17, 1957_sentences",M,S,M→S
"Martin Luther King Jr. 'Love Your Enemies' November 17, 1957_sentences",S,S,S→S
"Martin Luther King Jr. 'Love Your Enemies' November 17, 1957_sentences",S,S,S→S
"Martin Luther King Jr. 'Love Your Enemies' November 17, 1957_sentences",S,M,S→M
"Martin Luther King Jr. 'Love Your Enemies' November 17, 1957_sentences",M,S,M→S
"Martin Luther King Jr. 'Love Your Enemies' November 17, 1957_sentences",S,M,S→M
"Martin Luther King Jr. 'Love Your Enemies' November 17, 1957_sentences",M,H,M→H
"Martin Luther King Jr. 'Love Your Enemies' November 17, 1957_sentences",H,S,H→S
"Martin Luther King Jr. 'Love Your Enemies' November 17, 1957_sentences",S,M,S→M
"Martin Luther King Jr. 'Love Your Enemies' November 17, 1957_sentences",M,M,M→M
"Martin Luther King Jr. 'Love Your Enemies' November 17, 1957_sentences",M,S,M→S
"Martin Luther King Jr. 'Love Your Enemies' November 17, 1957_sentences",S,S,S→S
"Martin Luther King Jr. 'Love Your Enemies' November 17, 1957_sentences",S,S,S→S
"Martin Luther King Jr. 'Love Your Enemies' November 17, 1957_sentences",S,M,S→M
"Martin Luther King Jr. 'Love Your Enemies' November 17, 1957_sentences",M,M,M→M
"Martin Luther King Jr. 'Love Your Enemies' November 17, 1957_sentences",M,S,M→S
"Martin Luther King Jr. 'Love Your Enemies' November 17, 1957_sentences",S,S,S→S
"Martin Luther King Jr. 'Love Your Enemies' November 17, 1957_sentences",S,S,S→S
"Martin Luther King Jr. 'Love Your Enemies' November 17, 1957_sentences",S,S,S→S
"Martin Luther King Jr. 'Love Your Enemies' November 17, 1957_sentences",S,S,S→S
"Martin Luther King Jr. 'Love Your Enemies' November 17, 1957_sentences",S,S,S→S
"Martin Luther King Jr. 'Love Your Enemies' November 17, 1957_sentences",S,M,S→M
"Martin Luther King Jr. 'Love Your Enemies' November 17, 1957_sentences",M,H,M→H
"Martin Luther King Jr. 'Love Your Enemies' November 17, 1957_sentences",H,M,H→M
"Martin Luther King Jr. 'Love Your Enemies' November 17, 1957_sentences",M,M,M→M
"Martin Luther King Jr. 'Love Your Enemies' November 17, 1957_sentences",M,S,M→S
"Martin Luther King Jr. 'Love Your Enemies' November 17, 1957_sentences",S,S,S→S
"Martin Luther King Jr. 'Love Your Enemies' November 17, 1957_sentences",S,M,S→M
"Martin Luther King Jr. 'Love Your Enemies' November 17, 1957_sentences",M,S,M→S
"Martin Luther King Jr. 'Love Your Enemies' November 17, 1957_sentences",S,S,S→S
"Martin Luther King Jr. 'Love Your Enemies' November 17, 1957_sentences",S,S,S→S
"Martin Luther King Jr. 'Love Your Enemies' November 17, 1957_sentences",S,M,S→M
"Martin Luther King Jr. 'Love Your Enemies' November 17, 1957_sentences",M,M,M→M
"Martin Luther King Jr. 'Love Your Enemies' November 17, 1957_sentences",M,S,M→S
"Martin Luther King Jr. 'Love Your Enemies' November 17, 1957_sentences",S,S,S→S
"Martin Luther King Jr. 'Love Your Enemies' November 17, 1957_sentences",S,S,S→S
"Martin Luther King Jr. 'Love Your Enemies' November 17, 1957_sentences",S,M,S→M
"Martin Luther King Jr. 'Love Your Enemies' November 17, 1957_sentences",M,M,M→M
"Martin Luther King Jr. 'Love Your Enemies' November 17, 1957_sentences",M,H,M→H
"Martin Luther King Jr. 'Love Your Enemies' November 17, 1957_sentences",H,H,H→H
"Martin Luther King Jr. 'Love Your Enemies' November 17, 1957_sentences",H,M,H→M
"Martin Luther King Jr. 'Love Your Enemies' November 17, 1957_sentences",M,H,M→H
"Martin Luther King Jr. 'Love Your Enemies' November 17, 1957_sentences",H,S,H→S
"Martin Luther King Jr. 'Love Your Enemies' November 17, 1957_sentences",S,S,S→S
"Martin Luther King Jr. 'Love Your Enemies' November 17, 1957_sentences",S,H,S→H
"Martin Luther King Jr. 'Love Your Enemies' November 17, 1957_sentences",H,M,H→M
"Martin Luther King Jr. 'Love Your Enemies' November 17, 1957_sentences",M,H,M→H
"Martin Luther King Jr. 'Love Your Enemies' November 17, 1957_sentences",H,S,H→S
"Martin Luther King Jr. 'Love Your Enemies' November 17, 1957_sentences",S,S,S→S
"Martin Luther King Jr. 'Love Your Enemies' November 17, 1957_sentences",S,M,S→M
"Martin Luther King Jr. 'Love Your Enemies' November 17, 1957_sentences",M,M,M→M
"Martin Luther King Jr. 'Love Your Enemies' November 17, 1957_sentences",M,M,M→M
"Martin Luther King Jr. 'Love Your Enemies' November 17, 1957_sentences",M,M,M→M
"Martin Luther King Jr. 'Love Your Enemies' November 17, 1957_sentences",M,H,M→H
"Martin Luther King Jr. 'Love Your Enemies' November 17, 1957_sentences",H,M,H→M
"Martin Luther King Jr. 'Love Your Enemies' November 17, 1957_sentences",M,M,M→M
"Martin Luther King Jr. 'Love Your Enemies' November 17, 1957_sentences",M,H,M→H
"Martin Luther King Jr. 'Love Your Enemies' November 17, 1957_sentences",H,M,H→M
"Martin Luther King Jr. 'Love Your Enemies' November 17, 1957_sentences",M,M,M→M
"Martin Luther King Jr. 'Love Your Enemies' November 17, 1957_sentences",M,M,M→M
"Martin Luther King Jr. 'Love Your Enemies' November 17, 1957_sentences",M,H,M→H
"Martin Luther King Jr. 'Love Your Enemies' November 17, 1957_sentences",H,M,H→M
"Martin Luther King Jr. 'Love Your Enemies' November 17, 1957_sentences",M,S,M→S
"Martin Luther King Jr. 'Love Your Enemies' November 17, 1957_sentences",S,M,S→M
"Martin Luther King Jr. 'Love Your Enemies' November 17, 1957_sentences",M,S,M→S
"Martin Luther King Jr. 'Love Your Enemies' November 17, 1957_sentences",S,S,S→S
"Martin Luther King Jr. 'Love Your Enemies' November 17, 1957_sentences",S,S,S→S
"Martin Luther King Jr. 'Love Your Enemies' November 17, 1957_sentences",S,S,S→S
"Martin Luther King Jr. 'Love Your Enemies' November 17, 1957_sentences",S,S,S→S
"Martin Luther King Jr. 'Love Your Enemies' November 17, 1957_sentences",S,S,S→S
"Martin Luther King Jr. 'Love Your Enemies' November 17, 1957_sentences",S,H,S→H
"Martin Luther King Jr. 'Love Your Enemies' November 17, 1957_sentences",H,S,H→S
"Martin Luther King Jr. 'Love Your Enemies' November 17, 1957_sentences",S,M,S→M
"Martin Luther King Jr. 'Love Your Enemies' November 17, 1957_sentences",M,S,M→S
"Martin Luther King Jr. 'Love Your Enemies' November 17, 1957_sentences",S,H,S→H
"Martin Luther King Jr. 'Love Your Enemies' November 17, 1957_sentences",H,H,H→H
"Martin Luther King Jr. 'Love Your Enemies' November 17, 1957_sentences",H,H,H→H
"Martin Luther King Jr. 'Love Your Enemies' November 17, 1957_sentences",H,S,H→S
"Martin Luther King Jr. 'Love Your Enemies' November 17, 1957_sentences",S,S,S→S
"Martin Luther King Jr. 'Love Your Enemies' November 17, 1957_sentences",S,S,S→S
"Martin Luther King Jr. 'Love Your Enemies' November 17, 1957_sentences",S,M,S→M
"Martin Luther King Jr. 'Love Your Enemies' November 17, 1957_sentences",M,S,M→S
"Martin Luther King Jr. 'Love Your Enemies' November 17, 1957_sentences",S,M,S→M
"Martin Luther King Jr. 'Love Your Enemies' November 17, 1957_sentences",M,M,M→M
"Martin Luther King Jr. 'Love Your Enemies' November 17, 1957_sentences",M,S,M→S
"Martin Luther King Jr. 'Love Your Enemies' November 17, 1957_sentences",S,H,S→H
"Martin Luther King Jr. 'Love Your Enemies' November 17, 1957_sentences",H,H,H→H
"Martin Luther King Jr. 'Love Your Enemies' November 17, 1957_sentences",H,M,H→M
"Martin Luther King Jr. 'Love Your Enemies' November 17, 1957_sentences",M,M,M→M
"Martin Luther King Jr. 'Love Your Enemies' November 17, 1957_sentences",M,H,M→H
"Martin Luther King Jr. 'Love Your Enemies' November 17, 1957_sentences",H,S,H→S
"Martin Luther King Jr. 'Love Your Enemies' November 17, 1957_sentences",S,H,S→H
"Martin Luther King Jr. 'Love Your Enemies' November 17, 1957_sentences",H,M,H→M
"Martin Luther King Jr. 'Love Your Enemies' November 17, 1957_sentences",M,M,M→M
"Martin Luther King Jr. 'Love Your Enemies' November 17, 1957_sentences",M,S,M→S
"Martin Luther King Jr. 'Love Your Enemies' November 17, 1957_sentences",S,M,S→M
"Martin Luther King Jr. 'Love Your Enemies' November 17, 1957_sentences",M,M,M→M
"Martin Luther King Jr. 'Love Your Enemies' November 17, 1957_sentences",M,H,M→H
"Martin Luther King Jr. 'Love Your Enemies' November 17, 1957_sentences",H,H,H→H
"Martin Luther King Jr. 'Love Your Enemies' November 17, 1957_sentences",H,M,H→M
"Martin Luther King Jr. 'Love Your Enemies' November 17, 1957_sentences",M,M,M→M
"Martin Luther King Jr. 'Love Your Enemies' November 17, 1957_sentences",M,S,M→S
"Martin Luther King Jr. 'Love Your Enemies' November 17, 1957_sentences",S,S,S→S
"Martin Luther King Jr. 'Love Your Enemies' November 17, 1957_sentences",S,S,S→S
"Martin Luther King Jr. 'Love Your Enemies' November 17, 1957_sentences",S,S,S→S
"Martin Luther King Jr. 'Love Your Enemies' November 17, 1957_sentences",S,S,S→S
"Martin Luther King Jr. 'Love Your Enemies' November 17, 1957_sentences",S,M,S→M
"Martin Luther King Jr. 'Love Your Enemies' November 17, 1957_sentences",M,M,M→M
"Martin Luther King Jr. 'Love Your Enemies' November 17, 1957_sentences",M,M,M→M
"Martin Luther King Jr. 'Love Your Enemies' November 17, 1957_sentences",M,M,M→M
"Martin Luther King Jr. 'Love Your Enemies' November 17, 1957_sentences",M,M,M→M
"Martin Luther King Jr. 'Love Your Enemies' November 17, 1957_sentences",M,M,M→M
"Martin Luther King Jr. 'Love Your Enemies' November 17, 1957_sentences",M,S,M→S
"Martin Luther King Jr. 'Love Your Enemies' November 17, 1957_sentences",S,M,S→M
"Martin Luther King Jr. 'Love Your Enemies' November 17, 1957_sentences",M,M,M→M
"Martin Luther King Jr. 'Love Your Enemies' November 17, 1957_sentences",M,H,M→H
"Martin Luther King Jr. 'Love Your Enemies' November 17, 1957_sentences",H,S,H→S
"Martin Luther King Jr. 'Love Your Enemies' November 17, 1957_sentences",S,M,S→M
"Martin Luther King Jr. 'Love Your Enemies' November 17, 1957_sentences",M,M,M→M
"Martin Luther King Jr. 'Love Your Enemies' November 17, 1957_sentences",M,S,M→S
"Martin Luther King Jr. 'Love Your Enemies' November 17, 1957_sentences",S,H,S→H
"Martin Luther King Jr. 'Love Your Enemies' November 17, 1957_sentences",H,H,H→H
"Martin Luther King Jr. 'Love Your Enemies' November 17, 1957_sentences",H,S,H→S
"Martin Luther King Jr. 'Love Your Enemies' November 17, 1957_sentences",S,M,S→M
"Martin Luther King Jr. 'Love Your Enemies' November 17, 1957_sentences",M,M,M→M
"Martin Luther King Jr. 'Love Your Enemies' November 17, 1957_sentences",M,S,M→S
"Martin Luther King Jr. 'Love Your Enemies' November 17, 1957_sentences",S,S,S→S
"Martin Luther King Jr. 'Love Your Enemies' November 17, 1957_sentences",S,S,S→S
"Martin Luther King Jr. 'Love Your Enemies' November 17, 1957_sentences",S,S,S→S
"Martin Luther King Jr. 'Love Your Enemies' November 17, 1957_sentences",S,M,S→M
"Martin Luther King Jr. 'Love Your Enemies' November 17, 1957_sentences",M,M,M→M
"Martin Luther King Jr. 'Love Your Enemies' November 17, 1957_sentences",M,S,M→S
"Martin Luther King Jr. 'Love Your Enemies' November 17, 1957_sentences",S,S,S→S
"Martin Luther King Jr. 'Love Your Enemies' November 17, 1957_sentences",S,S,S→S
"Martin Luther King Jr. 'Love Your Enemies' November 17, 1957_sentences",S,H,S→H
"Martin Luther King Jr. 'Love Your Enemies' November 17, 1957_sentences",H,H,H→H
"Martin Luther King Jr. 'Love Your Enemies' November 17, 1957_sentences",H,M,H→M
"Martin Luther King Jr. 'Love Your Enemies' November 17, 1957_sentences",M,S,M→S
"Martin Luther King Jr. 'Love Your Enemies' November 17, 1957_sentences",S,S,S→S
"Martin Luther King Jr. 'Love Your Enemies' November 17, 1957_sentences",S,S,S→S
"Martin Luther King Jr. 'Love Your Enemies' November 17, 1957_sentences",S,M,S→M
"Martin Luther King Jr. 'Love Your Enemies' November 17, 1957_sentences",M,H,M→H
"Martin Luther King Jr. 'Love Your Enemies' November 17, 1957_sentences",H,S,H→S
"Martin Luther King Jr. 'Love Your Enemies' November 17, 1957_sentences",S,S,S→S
"Martin Luther King Jr. 'Love Your Enemies' November 17, 1957_sentences",S,S,S→S
"Martin Luther King Jr. 'Love Your Enemies' November 17, 1957_sentences",S,H,S→H
"Martin Luther King Jr. 'Love Your Enemies' November 17, 1957_sentences",H,S,H→S
"Martin Luther King Jr. 'Love Your Enemies' November 17, 1957_sentences",S,M,S→M
"Martin Luther King Jr. 'Love Your Enemies' November 17, 1957_sentences",M,H,M→H
"Martin Luther King Jr. 'Love Your Enemies' November 17, 1957_sentences",H,H,H→H
"Martin Luther King Jr. 'Love Your Enemies' November 17, 1957_sentences",H,S,H→S
"Martin Luther King Jr. 'Love Your Enemies' November 17, 1957_sentences",S,S,S→S
"Martin Luther King Jr. 'Love Your Enemies' November 17, 1957_sentences",S,S,S→S
"Martin Luther King Jr. 'Love Your Enemies' November 17, 1957_sentences",S,M,S→M
"Martin Luther King Jr. 'Love Your Enemies' November 17, 1957_sentences",M,M,M→M
"Martin Luther King Jr. 'Love Your Enemies' November 17, 1957_sentences",M,M,M→M
"Martin Luther King Jr. 'Love Your Enemies' November 17, 1957_sentences",M,S,M→S
"Martin Luther King Jr. 'Love Your Enemies' November 17, 1957_sentences",S,M,S→M
"Martin Luther King Jr. 'Love Your Enemies' November 17, 1957_sentences",M,H,M→H
"Martin Luther King Jr. 'Love Your Enemies' November 17, 1957_sentences",H,S,H→S
"Martin Luther King Jr. 'Love Your Enemies' November 17, 1957_sentences",S,H,S→H
"Martin Luther King Jr. 'Love Your Enemies' November 17, 1957_sentences",H,H,H→H
"Martin Luther King Jr. 'Love Your Enemies' November 17, 1957_sentences",H,S,H→S
"Martin Luther King Jr. 'Love Your Enemies' November 17, 1957_sentences",S,M,S→M
"Martin Luther King Jr. 'Love Your Enemies' November 17, 1957_sentences",M,H,M→H
"Martin Luther King Jr. 'Love Your Enemies' November 17, 1957_sentences",H,H,H→H
"Martin Luther King Jr. 'Love Your Enemies' November 17, 1957_sentences",H,H,H→H
"Martin Luther King Jr. 'Love Your Enemies' November 17, 1957_sentences",H,M,H→M
"Martin Luther King Jr. 'Love Your Enemies' November 17, 1957_sentences",M,M,M→M
"Martin Luther King Jr. 'Love Your Enemies' November 17, 1957_sentences",M,S,M→S
"Martin Luther King Jr. 'Love Your Enemies' November 17, 1957_sentences",S,H,S→H
"Martin Luther King Jr. 'Love Your Enemies' November 17, 1957_sentences",H,H,H→H
"Martin Luther King Jr. 'Love Your Enemies' November 17, 1957_sentences",H,S,H→S
"Martin Luther King Jr. 'Love Your Enemies' November 17, 1957_sentences",S,H,S→H
"Martin Luther King Jr. 'Love Your Enemies' November 17, 1957_sentences",H,S,H→S
"Martin Luther King Jr. 'Love Your Enemies' November 17, 1957_sentences",S,S,S→S
"Martin Luther King Jr. 'Love Your Enemies' November 17, 1957_sentences",S,H,S→H
"Martin Luther King Jr. 'Love Your Enemies' November 17, 1957_sentences",H,S,H→S
"Martin Luther King Jr. 'Love Your Enemies' November 17, 1957_sentences",S,S,S→S
"Martin Luther King Jr. 'Love Your Enemies' November 17, 1957_sentences",S,H,S→H
"Martin Luther King Jr. 'Love Your Enemies' November 17, 1957_sentences",H,M,H→M
"Martin Luther King Jr. 'Love Your Enemies' November 17, 1957_sentences",M,M,M→M
"Martin Luther King Jr. 'Love Your Enemies' November 17, 1957_sentences",M,M,M→M
"Martin Luther King Jr. 'Love Your Enemies' November 17, 1957_sentences",M,S,M→S
"Martin Luther King Jr. 'Love Your Enemies' November 17, 1957_sentences",S,M,S→M
"Martin Luther King Jr. 'Love Your Enemies' November 17, 1957_sentences",M,M,M→M
"Martin Luther King Jr. 'Love Your Enemies' November 17, 1957_sentences",M,M,M→M
"Martin Luther King Jr. 'Love Your Enemies' November 17, 1957_sentences",M,M,M→M
"Martin Luther King Jr. 'Love Your Enemies' November 17, 1957_sentences",M,S,M→S
"Martin Luther King Jr. 'Love Your Enemies' November 17, 1957_sentences",S,M,S→M
"Martin Luther King Jr. 'Love Your Enemies' November 17, 1957_sentences",M,M,M→M
"Martin Luther King Jr. 'Love Your Enemies' November 17, 1957_sentences",M,S,M→S
"Martin Luther King Jr. 'Love Your Enemies' November 17, 1957_sentences",S,M,S→M
"Martin Luther King Jr. 'Love Your Enemies' November 17, 1957_sentences",M,M,M→M
"Martin Luther King Jr. 'Love Your Enemies' November 17, 1957_sentences",M,H,M→H
"Martin Luther King Jr. 'Love Your Enemies' November 17, 1957_sentences",H,M,H→M
"Martin Luther King Jr. 'Love Your Enemies' November 17, 1957_sentences",M,M,M→M
"Martin Luther King Jr. 'Love Your Enemies' November 17, 1957_sentences",M,S,M→S
"Martin Luther King Jr. 'Love Your Enemies' November 17, 1957_sentences",S,H,S→H
"Martin Luther King Jr. 'Love Your Enemies' November 17, 1957_sentences",H,H,H→H
"Martin Luther King Jr. 'Love Your Enemies' November 17, 1957_sentences",H,H,H→H
"Martin Luther King Jr. 'Love Your Enemies' November 17, 1957_sentences",H,H,H→H
"Martin Luther King Jr. 'Love Your Enemies' November 17, 1957_sentences",H,M,H→M
"Martin Luther King Jr. 'Love Your Enemies' November 17, 1957_sentences",M,S,M→S
"Martin Luther King Jr. 'Love Your Enemies' November 17, 1957_sentences",S,M,S→M
"Martin Luther King Jr. 'Love Your Enemies' November 17, 1957_sentences",M,M,M→M
"Martin Luther King Jr. 'Love Your Enemies' November 17, 1957_sentences",M,M,M→M
"Martin Luther King Jr. 'Love Your Enemies' November 17, 1957_sentences",M,M,M→M
"Martin Luther King Jr. 'Love Your Enemies' November 17, 1957_sentences",M,M,M→M
"Martin Luther King Jr. 'Love Your Enemies' November 17, 1957_sentences",M,M,M→M
"Martin Luther King Jr. 'Love Your Enemies' November 17, 1957_sentences",M,H,M→H
"Martin Luther King Jr. 'Love Your Enemies' November 17, 1957_sentences",H,H,H→H
"Martin Luther King Jr. 'Love Your Enemies' November 17, 1957_sentences",H,M,H→M
"Martin Luther King Jr. 'Love Your Enemies' November 17, 1957_sentences",M,M,M→M
"Martin Luther King Jr. 'Love Your Enemies' November 17, 1957_sentences",M,H,M→H
"Martin Luther King Jr. 'Love Your Enemies' November 17, 1957_sentences",H,H,H→H
"Martin Luther King Jr. 'Love Your Enemies' November 17, 1957_sentences",H,M,H→M
"Martin Luther King Jr. 'Love Your Enemies' November 17, 1957_sentences",M,M,M→M
"Martin Luther King Jr. 'Love Your Enemies' November 17, 1957_sentences",M,M,M→M
"Martin Luther King Jr. 'Love Your Enemies' November 17, 1957_sentences",M,H,M→H
"Martin Luther King Jr. 'Love Your Enemies' November 17, 1957_sentences",H,M,H→M
"Martin Luther King Jr. 'Love Your Enemies' November 17, 1957_sentences",M,M,M→M
"Martin Luther King Jr. 'Rediscovering Lost Values' February 28, 1954_sentences",M,S,M→S
"Martin Luther King Jr. 'Rediscovering Lost Values' February 28, 1954_sentences",S,S,S→S
"Martin Luther King Jr. 'Rediscovering Lost Values' February 28, 1954_sentences",S,S,S→S
"Martin Luther King Jr. 'Rediscovering Lost Values' February 28, 1954_sentences",S,M,S→M
"Martin Luther King Jr. 'Rediscovering Lost Values' February 28, 1954_sentences",M,M,M→M
"Martin Luther King Jr. 'Rediscovering Lost Values' February 28, 1954_sentences",M,H,M→H
"Martin Luther King Jr. 'Rediscovering Lost Values' February 28, 1954_sentences",H,S,H→S
"Martin Luther King Jr. 'Rediscovering Lost Values' February 28, 1954_sentences",S,M,S→M
"Martin Luther King Jr. 'Rediscovering Lost Values' February 28, 1954_sentences",M,H,M→H
"Martin Luther King Jr. 'Rediscovering Lost Values' February 28, 1954_sentences",H,S,H→S
"Martin Luther King Jr. 'Rediscovering Lost Values' February 28, 1954_sentences",S,H,S→H
"Martin Luther King Jr. 'Rediscovering Lost Values' February 28, 1954_sentences",H,S,H→S
"Martin Luther King Jr. 'Rediscovering Lost Values' February 28, 1954_sentences",S,M,S→M
"Martin Luther King Jr. 'Rediscovering Lost Values' February 28, 1954_sentences",M,M,M→M
"Martin Luther King Jr. 'Rediscovering Lost Values' February 28, 1954_sentences",M,M,M→M
"Martin Luther King Jr. 'Rediscovering Lost Values' February 28, 1954_sentences",M,M,M→M
"Martin Luther King Jr. 'Rediscovering Lost Values' February 28, 1954_sentences",M,S,M→S
"Martin Luther King Jr. 'Rediscovering Lost Values' February 28, 1954_sentences",S,M,S→M
"Martin Luther King Jr. 'Rediscovering Lost Values' February 28, 1954_sentences",M,M,M→M
"Martin Luther King Jr. 'Rediscovering Lost Values' February 28, 1954_sentences",M,M,M→M
"Martin Luther King Jr. 'Rediscovering Lost Values' February 28, 1954_sentences",M,S,M→S
"Martin Luther King Jr. 'Rediscovering Lost Values' February 28, 1954_sentences",S,M,S→M
"Martin Luther King Jr. 'Rediscovering Lost Values' February 28, 1954_sentences",M,H,M→H
"Martin Luther King Jr. 'Rediscovering Lost Values' February 28, 1954_sentences",H,M,H→M
"Martin Luther King Jr. 'Rediscovering Lost Values' February 28, 1954_sentences",M,S,M→S
"Martin Luther King Jr. 'Rediscovering Lost Values' February 28, 1954_sentences",S,M,S→M
"Martin Luther King Jr. 'Rediscovering Lost Values' February 28, 1954_sentences",M,S,M→S
"Martin Luther King Jr. 'Rediscovering Lost Values' February 28, 1954_sentences",S,S,S→S
"Martin Luther King Jr. 'Rediscovering Lost Values' February 28, 1954_sentences",S,H,S→H
"Martin Luther King Jr. 'Rediscovering Lost Values' February 28, 1954_sentences",H,M,H→M
"Martin Luther King Jr. 'Rediscovering Lost Values' February 28, 1954_sentences",M,M,M→M
"Martin Luther King Jr. 'Rediscovering Lost Values' February 28, 1954_sentences",M,H,M→H
"Martin Luther King Jr. 'Rediscovering Lost Values' February 28, 1954_sentences",H,M,H→M
"Martin Luther King Jr. 'Rediscovering Lost Values' February 28, 1954_sentences",M,M,M→M
"Martin Luther King Jr. 'Rediscovering Lost Values' February 28, 1954_sentences",M,S,M→S
"Martin Luther King Jr. 'Rediscovering Lost Values' February 28, 1954_sentences",S,S,S→S
"Martin Luther King Jr. 'Rediscovering Lost Values' February 28, 1954_sentences",S,M,S→M
"Martin Luther King Jr. 'Rediscovering Lost Values' February 28, 1954_sentences",M,H,M→H
"Martin Luther King Jr. 'Rediscovering Lost Values' February 28, 1954_sentences",H,M,H→M
"Martin Luther King Jr. 'Rediscovering Lost Values' February 28, 1954_sentences",M,S,M→S
"Martin Luther King Jr. 'Rediscovering Lost Values' February 28, 1954_sentences",S,H,S→H
"Martin Luther King Jr. 'Rediscovering Lost Values' February 28, 1954_sentences",H,M,H→M
"Martin Luther King Jr. 'Rediscovering Lost Values' February 28, 1954_sentences",M,H,M→H
"Martin Luther King Jr. 'Rediscovering Lost Values' February 28, 1954_sentences",H,M,H→M
"Martin Luther King Jr. 'Rediscovering Lost Values' February 28, 1954_sentences",M,S,M→S
"Martin Luther King Jr. 'Rediscovering Lost Values' February 28, 1954_sentences",S,S,S→S
"Martin Luther King Jr. 'Rediscovering Lost Values' February 28, 1954_sentences",S,M,S→M
"Martin Luther King Jr. 'Rediscovering Lost Values' February 28, 1954_sentences",M,M,M→M
"Martin Luther King Jr. 'Rediscovering Lost Values' February 28, 1954_sentences",M,S,M→S
"Martin Luther King Jr. 'Rediscovering Lost Values' February 28, 1954_sentences",S,S,S→S
"Martin Luther King Jr. 'Rediscovering Lost Values' February 28, 1954_sentences",S,M,S→M
"Martin Luther King Jr. 'Rediscovering Lost Values' February 28, 1954_sentences",M,M,M→M
"Martin Luther King Jr. 'Rediscovering Lost Values' February 28, 1954_sentences",M,M,M→M
"Martin Luther King Jr. 'Rediscovering Lost Values' February 28, 1954_sentences",M,S,M→S
"Martin Luther King Jr. 'Rediscovering Lost Values' February 28, 1954_sentences",S,M,S→M
"Martin Luther King Jr. 'Rediscovering Lost Values' February 28, 1954_sentences",M,M,M→M
"Martin Luther King Jr. 'Rediscovering Lost Values' February 28, 1954_sentences",M,S,M→S
"Martin Luther King Jr. 'Rediscovering Lost Values' February 28, 1954_sentences",S,M,S→M
"Martin Luther King Jr. 'Rediscovering Lost Values' February 28, 1954_sentences",M,M,M→M
"Martin Luther King Jr. 'Rediscovering Lost Values' February 28, 1954_sentences",M,M,M→M
"Martin Luther King Jr. 'Rediscovering Lost Values' February 28, 1954_sentences",M,M,M→M
"Martin Luther King Jr. 'Rediscovering Lost Values' February 28, 1954_sentences",M,H,M→H
"Martin Luther King Jr. 'Rediscovering Lost Values' February 28, 1954_sentences",H,M,H→M
"Martin Luther King Jr. 'Rediscovering Lost Values' February 28, 1954_sentences",M,M,M→M
"Martin Luther King Jr. 'Rediscovering Lost Values' February 28, 1954_sentences",M,S,M→S
"Martin Luther King Jr. 'Rediscovering Lost Values' February 28, 1954_sentences",S,M,S→M
"Martin Luther King Jr. 'Rediscovering Lost Values' February 28, 1954_sentences",M,S,M→S
"Martin Luther King Jr. 'Rediscovering Lost Values' February 28, 1954_sentences",S,S,S→S
"Martin Luther King Jr. 'Rediscovering Lost Values' February 28, 1954_sentences",S,M,S→M
"Martin Luther King Jr. 'Rediscovering Lost Values' February 28, 1954_sentences",M,M,M→M
"Martin Luther King Jr. 'Rediscovering Lost Values' February 28, 1954_sentences",M,M,M→M
"Martin Luther King Jr. 'Rediscovering Lost Values' February 28, 1954_sentences",M,S,M→S
"Martin Luther King Jr. 'Rediscovering Lost Values' February 28, 1954_sentences",S,S,S→S
"Martin Luther King Jr. 'Rediscovering Lost Values' February 28, 1954_sentences",S,S,S→S
"Martin Luther King Jr. 'Rediscovering Lost Values' February 28, 1954_sentences",S,S,S→S
"Martin Luther King Jr. 'Rediscovering Lost Values' February 28, 1954_sentences",S,S,S→S
"Martin Luther King Jr. 'Rediscovering Lost Values' February 28, 1954_sentences",S,M,S→M
"Martin Luther King Jr. 'Rediscovering Lost Values' February 28, 1954_sentences",M,M,M→M
"Martin Luther King Jr. 'Rediscovering Lost Values' February 28, 1954_sentences",M,S,M→S
"Martin Luther King Jr. 'Rediscovering Lost Values' February 28, 1954_sentences",S,S,S→S
"Martin Luther King Jr. 'Rediscovering Lost Values' February 28, 1954_sentences",S,S,S→S
"Martin Luther King Jr. 'Rediscovering Lost Values' February 28, 1954_sentences",S,M,S→M
"Martin Luther King Jr. 'Rediscovering Lost Values' February 28, 1954_sentences",M,S,M→S
"Martin Luther King Jr. 'Rediscovering Lost Values' February 28, 1954_sentences",S,M,S→M
"Martin Luther King Jr. 'Rediscovering Lost Values' February 28, 1954_sentences",M,S,M→S
"Martin Luther King Jr. 'Rediscovering Lost Values' February 28, 1954_sentences",S,S,S→S
"Martin Luther King Jr. 'Rediscovering Lost Values' February 28, 1954_sentences",S,S,S→S
"Martin Luther King Jr. 'Rediscovering Lost Values' February 28, 1954_sentences",S,S,S→S
"Martin Luther King Jr. 'Rediscovering Lost Values' February 28, 1954_sentences",S,M,S→M
"Martin Luther King Jr. 'Rediscovering Lost Values' February 28, 1954_sentences",M,S,M→S
"Martin Luther King Jr. 'Rediscovering Lost Values' February 28, 1954_sentences",S,M,S→M
"Martin Luther King Jr. 'Rediscovering Lost Values' February 28, 1954_sentences",M,M,M→M
"Martin Luther King Jr. 'Rediscovering Lost Values' February 28, 1954_sentences",M,S,M→S
"Martin Luther King Jr. 'Rediscovering Lost Values' February 28, 1954_sentences",S,H,S→H
"Martin Luther King Jr. 'Rediscovering Lost Values' February 28, 1954_sentences",H,H,H→H
"Martin Luther King Jr. 'Rediscovering Lost Values' February 28, 1954_sentences",H,S,H→S
"Martin Luther King Jr. 'Rediscovering Lost Values' February 28, 1954_sentences",S,H,S→H
"Martin Luther King Jr. 'Rediscovering Lost Values' February 28, 1954_sentences",H,M,H→M
"Martin Luther King Jr. 'Rediscovering Lost Values' February 28, 1954_sentences",M,S,M→S
"Martin Luther King Jr. 'Rediscovering Lost Values' February 28, 1954_sentences",S,M,S→M
"Martin Luther King Jr. 'Rediscovering Lost Values' February 28, 1954_sentences",M,H,M→H
"Martin Luther King Jr. 'Rediscovering Lost Values' February 28, 1954_sentences",H,H,H→H
"Martin Luther King Jr. 'Rediscovering Lost Values' February 28, 1954_sentences",H,S,H→S
"Martin Luther King Jr. 'Rediscovering Lost Values' February 28, 1954_sentences",S,M,S→M
"Martin Luther King Jr. 'Rediscovering Lost Values' February 28, 1954_sentences",M,S,M→S
"Martin Luther King Jr. 'Rediscovering Lost Values' February 28, 1954_sentences",S,S,S→S
"Martin Luther King Jr. 'Rediscovering Lost Values' February 28, 1954_sentences",S,S,S→S
"Martin Luther King Jr. 'Rediscovering Lost Values' February 28, 1954_sentences",S,M,S→M
"Martin Luther King Jr. 'Rediscovering Lost Values' February 28, 1954_sentences",M,M,M→M
"Martin Luther King Jr. 'Rediscovering Lost Values' February 28, 1954_sentences",M,S,M→S
"Martin Luther King Jr. 'Rediscovering Lost Values' February 28, 1954_sentences",S,M,S→M
"Martin Luther King Jr. 'Rediscovering Lost Values' February 28, 1954_sentences",M,S,M→S
"Martin Luther King Jr. 'Rediscovering Lost Values' February 28, 1954_sentences",S,S,S→S
"Martin Luther King Jr. 'Rediscovering Lost Values' February 28, 1954_sentences",S,M,S→M
"Martin Luther King Jr. 'Rediscovering Lost Values' February 28, 1954_sentences",M,S,M→S
"Martin Luther King Jr. 'Rediscovering Lost Values' February 28, 1954_sentences",S,M,S→M
"Martin Luther King Jr. 'Rediscovering Lost Values' February 28, 1954_sentences",M,M,M→M
"Martin Luther King Jr. 'Rediscovering Lost Values' February 28, 1954_sentences",M,S,M→S
"Martin Luther King Jr. 'Rediscovering Lost Values' February 28, 1954_sentences",S,M,S→M
"Martin Luther King Jr. 'Rediscovering Lost Values' February 28, 1954_sentences",M,S,M→S
"Martin Luther King Jr. 'Rediscovering Lost Values' February 28, 1954_sentences",S,S,S→S
"Martin Luther King Jr. 'Rediscovering Lost Values' February 28, 1954_sentences",S,S,S→S
"Martin Luther King Jr. 'Rediscovering Lost Values' February 28, 1954_sentences",S,M,S→M
"Martin Luther King Jr. 'Rediscovering Lost Values' February 28, 1954_sentences",M,M,M→M
"Martin Luther King Jr. 'Rediscovering Lost Values' February 28, 1954_sentences",M,S,M→S
"Martin Luther King Jr. 'Rediscovering Lost Values' February 28, 1954_sentences",S,M,S→M
"Martin Luther King Jr. 'Rediscovering Lost Values' February 28, 1954_sentences",M,M,M→M
"Martin Luther King Jr. 'Rediscovering Lost Values' February 28, 1954_sentences",M,M,M→M
"Martin Luther King Jr. 'Rediscovering Lost Values' February 28, 1954_sentences",M,M,M→M
"Martin Luther King Jr. 'Rediscovering Lost Values' February 28, 1954_sentences",M,S,M→S
"Martin Luther King Jr. 'Rediscovering Lost Values' February 28, 1954_sentences",S,S,S→S
"Martin Luther King Jr. 'Rediscovering Lost Values' February 28, 1954_sentences",S,M,S→M
"Martin Luther King Jr. 'Rediscovering Lost Values' February 28, 1954_sentences",M,S,M→S
"Martin Luther King Jr. 'Rediscovering Lost Values' February 28, 1954_sentences",S,S,S→S
"Martin Luther King Jr. 'Rediscovering Lost Values' February 28, 1954_sentences",S,S,S→S
"Martin Luther King Jr. 'Rediscovering Lost Values' February 28, 1954_sentences",S,S,S→S
"Martin Luther King Jr. 'Rediscovering Lost Values' February 28, 1954_sentences",S,H,S→H
"Martin Luther King Jr. 'Rediscovering Lost Values' February 28, 1954_sentences",H,S,H→S
"Martin Luther King Jr. 'Rediscovering Lost Values' February 28, 1954_sentences",S,S,S→S
"Martin Luther King Jr. 'Rediscovering Lost Values' February 28, 1954_sentences",S,S,S→S
"Martin Luther King Jr. 'Rediscovering Lost Values' February 28, 1954_sentences",S,S,S→S
"Martin Luther King Jr. 'Rediscovering Lost Values' February 28, 1954_sentences",S,S,S→S
"Martin Luther King Jr. 'Rediscovering Lost Values' February 28, 1954_sentences",S,S,S→S
"Martin Luther King Jr. 'Rediscovering Lost Values' February 28, 1954_sentences",S,S,S→S
"Martin Luther King Jr. 'Rediscovering Lost Values' February 28, 1954_sentences",S,M,S→M
"Martin Luther King Jr. 'Rediscovering Lost Values' February 28, 1954_sentences",M,M,M→M
"Martin Luther King Jr. 'Rediscovering Lost Values' February 28, 1954_sentences",M,S,M→S
"Martin Luther King Jr. 'Rediscovering Lost Values' February 28, 1954_sentences",S,M,S→M
"Martin Luther King Jr. 'Rediscovering Lost Values' February 28, 1954_sentences",M,M,M→M
"Martin Luther King Jr. 'Rediscovering Lost Values' February 28, 1954_sentences",M,S,M→S
"Martin Luther King Jr. 'Rediscovering Lost Values' February 28, 1954_sentences",S,S,S→S
"Martin Luther King Jr. 'Rediscovering Lost Values' February 28, 1954_sentences",S,S,S→S
"Martin Luther King Jr. 'Rediscovering Lost Values' February 28, 1954_sentences",S,S,S→S
"Martin Luther King Jr. 'Rediscovering Lost Values' February 28, 1954_sentences",S,S,S→S
"Martin Luther King Jr. 'Rediscovering Lost Values' February 28, 1954_sentences",S,S,S→S
"Martin Luther King Jr. 'Rediscovering Lost Values' February 28, 1954_sentences",S,M,S→M
"Martin Luther King Jr. 'Rediscovering Lost Values' February 28, 1954_sentences",M,M,M→M
"Martin Luther King Jr. 'Rediscovering Lost Values' February 28, 1954_sentences",M,S,M→S
"Martin Luther King Jr. 'Rediscovering Lost Values' February 28, 1954_sentences",S,M,S→M
"Martin Luther King Jr. 'Rediscovering Lost Values' February 28, 1954_sentences",M,M,M→M
"Martin Luther King Jr. 'Rediscovering Lost Values' February 28, 1954_sentences",M,S,M→S
"Martin Luther King Jr. 'Rediscovering Lost Values' February 28, 1954_sentences",S,M,S→M
"Martin Luther King Jr. 'Rediscovering Lost Values' February 28, 1954_sentences",M,M,M→M
"Martin Luther King Jr. 'Rediscovering Lost Values' February 28, 1954_sentences",M,S,M→S
"Martin Luther King Jr. 'Rediscovering Lost Values' February 28, 1954_sentences",S,M,S→M
"Martin Luther King Jr. 'Rediscovering Lost Values' February 28, 1954_sentences",M,M,M→M
"Martin Luther King Jr. 'Rediscovering Lost Values' February 28, 1954_sentences",M,S,M→S
"Martin Luther King Jr. 'Rediscovering Lost Values' February 28, 1954_sentences",S,S,S→S
"Martin Luther King Jr. 'Rediscovering Lost Values' February 28, 1954_sentences",S,M,S→M
"Martin Luther King Jr. 'Rediscovering Lost Values' February 28, 1954_sentences",M,M,M→M
"Martin Luther King Jr. 'Rediscovering Lost Values' February 28, 1954_sentences",M,S,M→S
"Martin Luther King Jr. 'Rediscovering Lost Values' February 28, 1954_sentences",S,S,S→S
"Martin Luther King Jr. 'Rediscovering Lost Values' February 28, 1954_sentences",S,S,S→S
"Martin Luther King Jr. 'Rediscovering Lost Values' February 28, 1954_sentences",S,S,S→S
"Martin Luther King Jr. 'Rediscovering Lost Values' February 28, 1954_sentences",S,S,S→S
"Martin Luther King Jr. 'Rediscovering Lost Values' February 28, 1954_sentences",S,S,S→S
"Martin Luther King Jr. 'Rediscovering Lost Values' February 28, 1954_sentences",S,M,S→M
"Martin Luther King Jr. 'Rediscovering Lost Values' February 28, 1954_sentences",M,S,M→S
"Martin Luther King Jr. 'Rediscovering Lost Values' February 28, 1954_sentences",S,M,S→M
"Martin Luther King Jr. 'Rediscovering Lost Values' February 28, 1954_sentences",M,M,M→M
"Martin Luther King Jr. 'Rediscovering Lost Values' February 28, 1954_sentences",M,S,M→S
"Martin Luther King Jr. 'Rediscovering Lost Values' February 28, 1954_sentences",S,S,S→S
"Martin Luther King Jr. 'Rediscovering Lost Values' February 28, 1954_sentences",S,M,S→M
"Martin Luther King Jr. 'Rediscovering Lost Values' February 28, 1954_sentences",M,S,M→S
"Martin Luther King Jr. 'Rediscovering Lost Values' February 28, 1954_sentences",S,S,S→S
"Martin Luther King Jr. 'Rediscovering Lost Values' February 28, 1954_sentences",S,M,S→M
"Martin Luther King Jr. 'Rediscovering Lost Values' February 28, 1954_sentences",M,H,M→H
"Martin Luther King Jr. 'Rediscovering Lost Values' February 28, 1954_sentences",H,M,H→M
"Martin Luther King Jr. 'Rediscovering Lost Values' February 28, 1954_sentences",M,M,M→M
"Martin Luther King Jr. 'Rediscovering Lost Values' February 28, 1954_sentences",M,M,M→M
"Martin Luther King Jr. 'Rediscovering Lost Values' February 28, 1954_sentences",M,H,M→H
"Martin Luther King Jr. 'Rediscovering Lost Values' February 28, 1954_sentences",H,H,H→H
"Martin Luther King Jr. 'Rediscovering Lost Values' February 28, 1954_sentences",H,M,H→M
"Martin Luther King Jr. 'Rediscovering Lost Values' February 28, 1954_sentences",M,H,M→H
"Martin Luther King Jr. 'Rediscovering Lost Values' February 28, 1954_sentences",H,H,H→H
"Martin Luther King Jr. 'Rediscovering Lost Values' February 28, 1954_sentences",H,M,H→M
"Martin Luther King Jr. 'Rediscovering Lost Values' February 28, 1954_sentences",M,H,M→H
"Martin Luther King Jr. 'Rediscovering Lost Values' February 28, 1954_sentences",H,H,H→H
"Martin Luther King Jr. 'Rediscovering Lost Values' February 28, 1954_sentences",H,M,H→M
"Martin Luther King Jr. 'Rediscovering Lost Values' February 28, 1954_sentences",M,S,M→S
"Martin Luther King Jr. 'Rediscovering Lost Values' February 28, 1954_sentences",S,M,S→M
"Martin Luther King Jr. 'Rediscovering Lost Values' February 28, 1954_sentences",M,S,M→S
"Martin Luther King Jr. 'Rediscovering Lost Values' February 28, 1954_sentences",S,M,S→M
"Martin Luther King Jr. 'Rediscovering Lost Values' February 28, 1954_sentences",M,M,M→M
"Martin Luther King Jr. 'Rediscovering Lost Values' February 28, 1954_sentences",M,H,M→H
"Martin Luther King Jr. 'Rediscovering Lost Values' February 28, 1954_sentences",H,M,H→M
"Martin Luther King Jr. 'Rediscovering Lost Values' February 28, 1954_sentences",M,M,M→M
"Martin Luther King Jr. 'Rediscovering Lost Values' February 28, 1954_sentences",M,M,M→M
"Martin Luther King Jr. 'Rediscovering Lost Values' February 28, 1954_sentences",M,M,M→M
"Martin Luther King Jr. 'Rediscovering Lost Values' February 28, 1954_sentences",M,M,M→M
"Martin Luther King Jr. 'Rediscovering Lost Values' February 28, 1954_sentences",M,M,M→M
"Martin Luther King Jr. 'Rediscovering Lost Values' February 28, 1954_sentences",M,H,M→H
"Martin Luther King Jr. 'Rediscovering Lost Values' February 28, 1954_sentences",H,M,H→M
"Martin Luther King Jr. 'Rediscovering Lost Values' February 28, 1954_sentences",M,M,M→M
"Martin Luther King Jr. 'Rediscovering Lost Values' February 28, 1954_sentences",M,S,M→S
"Martin Luther King Jr. 'Rediscovering Lost Values' February 28, 1954_sentences",S,S,S→S
"Martin Luther King Jr. 'Rediscovering Lost Values' February 28, 1954_sentences",S,M,S→M
"Martin Luther King Jr. 'Rediscovering Lost Values' February 28, 1954_sentences",M,S,M→S
"Martin Luther King Jr. 'Rediscovering Lost Values' February 28, 1954_sentences",S,M,S→M
"Martin Luther King Jr. 'Rediscovering Lost Values' February 28, 1954_sentences",M,H,M→H
"Martin Luther King Jr. 'Rediscovering Lost Values' February 28, 1954_sentences",H,S,H→S
"Martin Luther King Jr. 'Rediscovering Lost Values' February 28, 1954_sentences",S,M,S→M
"Martin Luther King Jr. 'Rediscovering Lost Values' February 28, 1954_sentences",M,M,M→M
"Martin Luther King Jr. 'Rediscovering Lost Values' February 28, 1954_sentences",M,S,M→S
"Martin Luther King Jr. 'Rediscovering Lost Values' February 28, 1954_sentences",S,M,S→M
"Martin Luther King Jr. 'Rediscovering Lost Values' February 28, 1954_sentences",M,S,M→S
"Martin Luther King Jr. 'Rediscovering Lost Values' February 28, 1954_sentences",S,H,S→H
"Martin Luther King Jr. 'Rediscovering Lost Values' February 28, 1954_sentences",H,S,H→S
"Martin Luther King Jr. 'Rediscovering Lost Values' February 28, 1954_sentences",S,S,S→S
"Martin Luther King Jr. 'Rediscovering Lost Values' February 28, 1954_sentences",S,M,S→M
"Martin Luther King Jr. 'Rediscovering Lost Values' February 28, 1954_sentences",M,M,M→M
"Martin Luther King Jr. 'Rediscovering Lost Values' February 28, 1954_sentences",M,H,M→H
"Martin Luther King Jr. 'Rediscovering Lost Values' February 28, 1954_sentences",H,H,H→H
"Martin Luther King Jr. 'Rediscovering Lost Values' February 28, 1954_sentences",H,S,H→S
"Martin Luther King Jr. 'Rediscovering Lost Values' February 28, 1954_sentences",S,M,S→M
"Martin Luther King Jr. 'Rediscovering Lost Values' February 28, 1954_sentences",M,S,M→S
"Martin Luther King Jr. 'Rediscovering Lost Values' February 28, 1954_sentences",S,M,S→M
"Martin Luther King Jr. 'Rediscovering Lost Values' February 28, 1954_sentences",M,S,M→S
"Martin Luther King Jr. 'Rediscovering Lost Values' February 28, 1954_sentences",S,M,S→M
"Martin Luther King Jr. 'Rediscovering Lost Values' February 28, 1954_sentences",M,S,M→S
"Martin Luther King Jr. 'Rediscovering Lost Values' February 28, 1954_sentences",S,S,S→S
"Martin Luther King Jr. 'Rediscovering Lost Values' February 28, 1954_sentences",S,M,S→M
"Martin Luther King Jr. 'Rediscovering Lost Values' February 28, 1954_sentences",M,S,M→S
"Martin Luther King Jr. 'Rediscovering Lost Values' February 28, 1954_sentences",S,S,S→S
"Martin Luther King Jr. 'Rediscovering Lost Values' February 28, 1954_sentences",S,M,S→M
"Martin Luther King Jr. 'Rediscovering Lost Values' February 28, 1954_sentences",M,S,M→S
"Martin Luther King Jr. 'Rediscovering Lost Values' February 28, 1954_sentences",S,S,S→S
"Martin Luther King Jr. 'Rediscovering Lost Values' February 28, 1954_sentences",S,S,S→S
"Martin Luther King Jr. 'Rediscovering Lost Values' February 28, 1954_sentences",S,M,S→M
"Martin Luther King Jr. 'Rediscovering Lost Values' February 28, 1954_sentences",M,M,M→M
"Martin Luther King Jr. 'Rediscovering Lost Values' February 28, 1954_sentences",M,S,M→S
"Martin Luther King Jr. 'Rediscovering Lost Values' February 28, 1954_sentences",S,M,S→M
"Martin Luther King Jr. 'Rediscovering Lost Values' February 28, 1954_sentences",M,S,M→S
"Martin Luther King Jr. 'Rediscovering Lost Values' February 28, 1954_sentences",S,S,S→S
"Martin Luther King Jr. 'Rediscovering Lost Values' February 28, 1954_sentences",S,M,S→M
"Martin Luther King Jr. 'Rediscovering Lost Values' February 28, 1954_sentences",M,S,M→S
"Martin Luther King Jr. 'Rediscovering Lost Values' February 28, 1954_sentences",S,H,S→H
"Martin Luther King Jr. 'Rediscovering Lost Values' February 28, 1954_sentences",H,H,H→H
"Martin Luther King Jr. 'Rediscovering Lost Values' February 28, 1954_sentences",H,S,H→S
"Martin Luther King Jr. 'Rediscovering Lost Values' February 28, 1954_sentences",S,M,S→M
"Martin Luther King Jr. 'Rediscovering Lost Values' February 28, 1954_sentences",M,H,M→H
"Martin Luther King Jr. 'Rediscovering Lost Values' February 28, 1954_sentences",H,S,H→S
"Martin Luther King Jr. 'Rediscovering Lost Values' February 28, 1954_sentences",S,S,S→S
"Martin Luther King Jr. 'Rediscovering Lost Values' February 28, 1954_sentences",S,S,S→S
"Martin Luther King Jr. 'Rediscovering Lost Values' February 28, 1954_sentences",S,S,S→S
"Martin Luther King Jr. 'Rediscovering Lost Values' February 28, 1954_sentences",S,S,S→S
"Martin Luther King Jr. 'Rediscovering Lost Values' February 28, 1954_sentences",S,M,S→M
"Martin Luther King Jr. 'Rediscovering Lost Values' February 28, 1954_sentences",M,M,M→M
"Martin Luther King Jr. 'Rediscovering Lost Values' February 28, 1954_sentences",M,S,M→S
"Martin Luther King Jr. 'Rediscovering Lost Values' February 28, 1954_sentences",S,S,S→S
"Martin Luther King Jr. 'Rediscovering Lost Values' February 28, 1954_sentences",S,H,S→H
"Martin Luther King Jr. 'Rediscovering Lost Values' February 28, 1954_sentences",H,M,H→M
"Martin Luther King Jr. 'Rediscovering Lost Values' February 28, 1954_sentences",M,H,M→H
"Martin Luther King Jr. 'Rediscovering Lost Values' February 28, 1954_sentences",H,S,H→S
"Martin Luther King Jr. 'Rediscovering Lost Values' February 28, 1954_sentences",S,M,S→M
"Martin Luther King Jr. 'Rediscovering Lost Values' February 28, 1954_sentences",M,M,M→M
"Martin Luther King Jr. 'Rediscovering Lost Values' February 28, 1954_sentences",M,H,M→H
"Martin Luther King Jr. 'Rediscovering Lost Values' February 28, 1954_sentences",H,S,H→S
"Martin Luther King Jr. 'Rediscovering Lost Values' February 28, 1954_sentences",S,S,S→S
"Martin Luther King Jr. 'Rediscovering Lost Values' February 28, 1954_sentences",S,H,S→H
"Martin Luther King Jr. 'Rediscovering Lost Values' February 28, 1954_sentences",H,S,H→S
"Martin Luther King Jr. 'Rediscovering Lost Values' February 28, 1954_sentences",S,H,S→H
"Martin Luther King Jr. 'Rediscovering Lost Values' February 28, 1954_sentences",H,M,H→M
"Martin Luther King Jr. 'Rediscovering Lost Values' February 28, 1954_sentences",M,S,M→S
"Martin Luther King Jr. 'Rediscovering Lost Values' February 28, 1954_sentences",S,S,S→S
"Martin Luther King Jr. 'Rediscovering Lost Values' February 28, 1954_sentences",S,S,S→S
"Martin Luther King Jr. 'Rediscovering Lost Values' February 28, 1954_sentences",S,M,S→M
"Martin Luther King Jr. 'Rediscovering Lost Values' February 28, 1954_sentences",M,M,M→M
"Martin Luther King Jr. 'Rediscovering Lost Values' February 28, 1954_sentences",M,H,M→H
"Martin Luther King Jr. 'Rediscovering Lost Values' February 28, 1954_sentences",H,S,H→S
"Martin Luther King Jr. 'Rediscovering Lost Values' February 28, 1954_sentences",S,M,S→M
"Martin Luther King Jr. 'Rediscovering Lost Values' February 28, 1954_sentences",M,M,M→M
"Martin Luther King Jr. 'Rediscovering Lost Values' February 28, 1954_sentences",M,S,M→S
"Martin Luther King Jr. 'Rediscovering Lost Values' February 28, 1954_sentences",S,H,S→H
"Martin Luther King Jr. 'Rediscovering Lost Values' February 28, 1954_sentences",H,H,H→H
"Martin Luther King Jr. 'Rediscovering Lost Values' February 28, 1954_sentences",H,H,H→H
"Martin Luther King Jr. 'Rediscovering Lost Values' February 28, 1954_sentences",H,H,H→H
"Martin Luther King Jr. 'Rediscovering Lost Values' February 28, 1954_sentences",H,H,H→H
"Martin Luther King Jr. 'Rediscovering Lost Values' February 28, 1954_sentences",H,H,H→H
"Martin Luther King Jr. - 'Give Us the Ballot' Speech - May 17, 1957_sentences",H,H,H→H
"Martin Luther King Jr. - 'Give Us the Ballot' Speech - May 17, 1957_sentences",H,H,H→H
"Martin Luther King Jr. - 'Give Us the Ballot' Speech - May 17, 1957_sentences",H,H,H→H
"Martin Luther King Jr. - 'Give Us the Ballot' Speech - May 17, 1957_sentences",H,H,H→H
"Martin Luther King Jr. - 'Give Us the Ballot' Speech - May 17, 1957_sentences",H,M,H→M
"Martin Luther King Jr. - 'Give Us the Ballot' Speech - May 17, 1957_sentences",M,H,M→H
"Martin Luther King Jr. - 'Give Us the Ballot' Speech - May 17, 1957_sentences",H,H,H→H
"Martin Luther King Jr. - 'Give Us the Ballot' Speech - May 17, 1957_sentences",H,H,H→H
"Martin Luther King Jr. - 'Give Us the Ballot' Speech - May 17, 1957_sentences",H,H,H→H
"Martin Luther King Jr. - 'Give Us the Ballot' Speech - May 17, 1957_sentences",H,H,H→H
"Martin Luther King Jr. - 'Give Us the Ballot' Speech - May 17, 1957_sentences",H,H,H→H
"Martin Luther King Jr. - 'Give Us the Ballot' Speech - May 17, 1957_sentences",H,H,H→H
"Martin Luther King Jr. - 'Give Us the Ballot' Speech - May 17, 1957_sentences",H,H,H→H
"Martin Luther King Jr. - 'Give Us the Ballot' Speech - May 17, 1957_sentences",H,H,H→H
"Martin Luther King Jr. - 'Give Us the Ballot' Speech - May 17, 1957_sentences",H,H,H→H
"Martin Luther King Jr. - 'Give Us the Ballot' Speech - May 17, 1957_sentences",H,H,H→H
"Martin Luther King Jr. - 'Give Us the Ballot' Speech - May 17, 1957_sentences",H,M,H→M
"Martin Luther King Jr. - 'Give Us the Ballot' Speech - May 17, 1957_sentences",M,M,M→M
"Martin Luther King Jr. - 'Give Us the Ballot' Speech - May 17, 1957_sentences",M,H,M→H
"Martin Luther King Jr. - 'Give Us the Ballot' Speech - May 17, 1957_sentences",H,M,H→M
"Martin Luther King Jr. - 'Give Us the Ballot' Speech - May 17, 1957_sentences",M,H,M→H
"Martin Luther King Jr. - 'Give Us the Ballot' Speech - May 17, 1957_sentences",H,H,H→H
"Martin Luther King Jr. - 'Give Us the Ballot' Speech - May 17, 1957_sentences",H,H,H→H
"Martin Luther King Jr. - 'Give Us the Ballot' Speech - May 17, 1957_sentences",H,H,H→H
"Martin Luther King Jr. - 'Give Us the Ballot' Speech - May 17, 1957_sentences",H,H,H→H
"Martin Luther King Jr. - 'Give Us the Ballot' Speech - May 17, 1957_sentences",H,H,H→H
"Martin Luther King Jr. - 'Give Us the Ballot' Speech - May 17, 1957_sentences",H,M,H→M
"Martin Luther King Jr. - 'Give Us the Ballot' Speech - May 17, 1957_sentences",M,H,M→H
"Martin Luther King Jr. - 'Give Us the Ballot' Speech - May 17, 1957_sentences",H,H,H→H
"Martin Luther King Jr. - 'Give Us the Ballot' Speech - May 17, 1957_sentences",H,H,H→H
"Martin Luther King Jr. - 'Give Us the Ballot' Speech - May 17, 1957_sentences",H,S,H→S
"Martin Luther King Jr. - 'Give Us the Ballot' Speech - May 17, 1957_sentences",S,M,S→M
"Martin Luther King Jr. - 'Give Us the Ballot' Speech - May 17, 1957_sentences",M,S,M→S
"Martin Luther King Jr. - 'Give Us the Ballot' Speech - May 17, 1957_sentences",S,M,S→M
"Martin Luther King Jr. - 'Give Us the Ballot' Speech - May 17, 1957_sentences",M,M,M→M
"Martin Luther King Jr. - 'Give Us the Ballot' Speech - May 17, 1957_sentences",M,H,M→H
"Martin Luther King Jr. - 'Give Us the Ballot' Speech - May 17, 1957_sentences",H,H,H→H
"Martin Luther King Jr. - 'Give Us the Ballot' Speech - May 17, 1957_sentences",H,M,H→M
"Martin Luther King Jr. - 'Give Us the Ballot' Speech - May 17, 1957_sentences",M,M,M→M
"Martin Luther King Jr. - 'Give Us the Ballot' Speech - May 17, 1957_sentences",M,H,M→H
"Martin Luther King Jr. - 'Give Us the Ballot' Speech - May 17, 1957_sentences",H,M,H→M
"Martin Luther King Jr. - 'Give Us the Ballot' Speech - May 17, 1957_sentences",M,S,M→S
"Martin Luther King Jr. - 'Give Us the Ballot' Speech - May 17, 1957_sentences",S,M,S→M
"Martin Luther King Jr. - 'Give Us the Ballot' Speech - May 17, 1957_sentences",M,H,M→H
"Martin Luther King Jr. - 'Give Us the Ballot' Speech - May 17, 1957_sentences",H,H,H→H
"Martin Luther King Jr. - 'Give Us the Ballot' Speech - May 17, 1957_sentences",H,M,H→M
"Martin Luther King Jr. - 'Give Us the Ballot' Speech - May 17, 1957_sentences",M,M,M→M
"Martin Luther King Jr. - 'Give Us the Ballot' Speech - May 17, 1957_sentences",M,H,M→H
"Martin Luther King Jr. - 'Give Us the Ballot' Speech - May 17, 1957_sentences",H,H,H→H
"Martin Luther King Jr. - 'Give Us the Ballot' Speech - May 17, 1957_sentences",H,M,H→M
"Martin Luther King Jr. - 'Give Us the Ballot' Speech - May 17, 1957_sentences",M,S,M→S
"Martin Luther King Jr. - 'Give Us the Ballot' Speech - May 17, 1957_sentences",S,M,S→M
"Martin Luther King Jr. - 'Give Us the Ballot' Speech - May 17, 1957_sentences",M,M,M→M
"Martin Luther King Jr. - 'Give Us the Ballot' Speech - May 17, 1957_sentences",M,M,M→M
"Martin Luther King Jr. - 'Give Us the Ballot' Speech - May 17, 1957_sentences",M,S,M→S
"Martin Luther King Jr. - 'Give Us the Ballot' Speech - May 17, 1957_sentences",S,M,S→M
"Martin Luther King Jr. - 'Give Us the Ballot' Speech - May 17, 1957_sentences",M,S,M→S
"Martin Luther King Jr. - 'Give Us the Ballot' Speech - May 17, 1957_sentences",S,S,S→S
"Martin Luther King Jr. - 'Give Us the Ballot' Speech - May 17, 1957_sentences",S,M,S→M
"Martin Luther King Jr. - 'Give Us the Ballot' Speech - May 17, 1957_sentences",M,S,M→S
"Martin Luther King Jr. - 'Give Us the Ballot' Speech - May 17, 1957_sentences",S,S,S→S
"Martin Luther King Jr. - 'Give Us the Ballot' Speech - May 17, 1957_sentences",S,S,S→S
"Martin Luther King Jr. - 'Give Us the Ballot' Speech - May 17, 1957_sentences",S,M,S→M
"Martin Luther King Jr. - 'Give Us the Ballot' Speech - May 17, 1957_sentences",M,M,M→M
"Martin Luther King Jr. - 'Give Us the Ballot' Speech - May 17, 1957_sentences",M,S,M→S
"Martin Luther King Jr. - 'Give Us the Ballot' Speech - May 17, 1957_sentences",S,H,S→H
"Martin Luther King Jr. - 'Give Us the Ballot' Speech - May 17, 1957_sentences",H,S,H→S
"Martin Luther King Jr. - 'Give Us the Ballot' Speech - May 17, 1957_sentences",S,M,S→M
"Martin Luther King Jr. - 'Give Us the Ballot' Speech - May 17, 1957_sentences",M,S,M→S
"Martin Luther King Jr. - 'Give Us the Ballot' Speech - May 17, 1957_sentences",S,S,S→S
"Martin Luther King Jr. - 'Give Us the Ballot' Speech - May 17, 1957_sentences",S,M,S→M
"Martin Luther King Jr. - 'Give Us the Ballot' Speech - May 17, 1957_sentences",M,H,M→H
"Martin Luther King Jr. - 'Give Us the Ballot' Speech - May 17, 1957_sentences",H,S,H→S
"Martin Luther King Jr. - 'Give Us the Ballot' Speech - May 17, 1957_sentences",S,H,S→H
"Martin Luther King Jr. - 'Give Us the Ballot' Speech - May 17, 1957_sentences",H,H,H→H
"Martin Luther King Jr. - 'Give Us the Ballot' Speech - May 17, 1957_sentences",H,M,H→M
"Martin Luther King Jr. - 'Give Us the Ballot' Speech - May 17, 1957_sentences",M,M,M→M
"Martin Luther King Jr. - 'Give Us the Ballot' Speech - May 17, 1957_sentences",M,M,M→M
"Martin Luther King Jr. - 'Give Us the Ballot' Speech - May 17, 1957_sentences",M,S,M→S
"Martin Luther King Jr. - 'Give Us the Ballot' Speech - May 17, 1957_sentences",S,M,S→M
"Martin Luther King Jr. - 'Give Us the Ballot' Speech - May 17, 1957_sentences",M,H,M→H
"Martin Luther King Jr. - 'Give Us the Ballot' Speech - May 17, 1957_sentences",H,S,H→S
"Martin Luther King Jr. - 'Give Us the Ballot' Speech - May 17, 1957_sentences",S,M,S→M
"Martin Luther King Jr. - 'Give Us the Ballot' Speech - May 17, 1957_sentences",M,M,M→M
"Martin Luther King Jr. - 'Give Us the Ballot' Speech - May 17, 1957_sentences",M,M,M→M
"Martin Luther King Jr. - 'Give Us the Ballot' Speech - May 17, 1957_sentences",M,H,M→H
"Martin Luther King Jr. - 'Give Us the Ballot' Speech - May 17, 1957_sentences",H,M,H→M
"Martin Luther King Jr. - 'Give Us the Ballot' Speech - May 17, 1957_sentences",M,S,M→S
"Martin Luther King Jr. - 'Give Us the Ballot' Speech - May 17, 1957_sentences",S,H,S→H
"Martin Luther King Jr. - 'Give Us the Ballot' Speech - May 17, 1957_sentences",H,S,H→S
"Martin Luther King Jr. - 'Give Us the Ballot' Speech - May 17, 1957_sentences",S,M,S→M
"Martin Luther King Jr. - 'Give Us the Ballot' Speech - May 17, 1957_sentences",M,M,M→M
"Martin Luther King Jr. - 'Give Us the Ballot' Speech - May 17, 1957_sentences",M,H,M→H
"Martin Luther King Jr. - 'Give Us the Ballot' Speech - May 17, 1957_sentences",H,M,H→M
"Martin Luther King Jr. - 'Give Us the Ballot' Speech - May 17, 1957_sentences",M,H,M→H
"Martin Luther King Jr. - 'Give Us the Ballot' Speech - May 17, 1957_sentences",H,M,H→M
"Martin Luther King Jr. - 'Give Us the Ballot' Speech - May 17, 1957_sentences",M,S,M→S
"Martin Luther King Jr. - 'Give Us the Ballot' Speech - May 17, 1957_sentences",S,S,S→S
"Martin Luther King Jr. - 'Give Us the Ballot' Speech - May 17, 1957_sentences",S,S,S→S
"Martin Luther King Jr. - 'Give Us the Ballot' Speech - May 17, 1957_sentences",S,S,S→S
"Martin Luther King Jr. - 'Give Us the Ballot' Speech - May 17, 1957_sentences",S,H,S→H
"Martin Luther King Jr. - 'Give Us the Ballot' Speech - May 17, 1957_sentences",H,S,H→S
"Martin Luther King Jr. - 'Give Us the Ballot' Speech - May 17, 1957_sentences",S,M,S→M
"Martin Luther King Jr. - 'Give Us the Ballot' Speech - May 17, 1957_sentences",M,M,M→M
"Martin Luther King Jr. - 'Give Us the Ballot' Speech - May 17, 1957_sentences",M,M,M→M
"Martin Luther King Jr. - 'Give Us the Ballot' Speech - May 17, 1957_sentences",M,M,M→M
"Martin Luther King Jr. - 'Give Us the Ballot' Speech - May 17, 1957_sentences",M,H,M→H
"Martin Luther King Jr. - 'Give Us the Ballot' Speech - May 17, 1957_sentences",H,M,H→M
"Martin Luther King Jr. - 'Give Us the Ballot' Speech - May 17, 1957_sentences",M,S,M→S
"Martin Luther King Jr. - 'Give Us the Ballot' Speech - May 17, 1957_sentences",S,H,S→H
"Martin Luther King Jr. - 'Give Us the Ballot' Speech - May 17, 1957_sentences",H,H,H→H
"Martin Luther King Jr. - 'Give Us the Ballot' Speech - May 17, 1957_sentences",H,H,H→H
"Martin Luther King Jr. - 'Give Us the Ballot' Speech - May 17, 1957_sentences",H,H,H→H
"Martin Luther King Jr. - 'Give Us the Ballot' Speech - May 17, 1957_sentences",H,H,H→H
"Martin Luther King Jr. - 'Give Us the Ballot' Speech - May 17, 1957_sentences",H,M,H→M
"Martin Luther King Jr. - 'Give Us the Ballot' Speech - May 17, 1957_sentences",M,M,M→M
"Martin Luther King Jr. - 'Give Us the Ballot' Speech - May 17, 1957_sentences",M,H,M→H
"Martin Luther King Jr. - 'Give Us the Ballot' Speech - May 17, 1957_sentences",H,M,H→M
"Martin Luther King Jr. - 'Give Us the Ballot' Speech - May 17, 1957_sentences",M,H,M→H
"Martin Luther King Jr. - 'Give Us the Ballot' Speech - May 17, 1957_sentences",H,H,H→H
"Martin Luther King Jr. - 'Give Us the Ballot' Speech - May 17, 1957_sentences",H,H,H→H
"Martin Luther King Jr. - 'Give Us the Ballot' Speech - May 17, 1957_sentences",H,H,H→H
"Martin Luther King Jr. - 'Give Us the Ballot' Speech - May 17, 1957_sentences",H,H,H→H
"Martin Luther King Jr. - 'Give Us the Ballot' Speech - May 17, 1957_sentences",H,S,H→S
"Martin Luther King Jr. - 'Give Us the Ballot' Speech - May 17, 1957_sentences",S,M,S→M
"Martin Luther King Jr. - 'Give Us the Ballot' Speech - May 17, 1957_sentences",M,M,M→M
"Martin Luther King Jr. - 'Give Us the Ballot' Speech - May 17, 1957_sentences",M,M,M→M
"Martin Luther King Jr. - 'Give Us the Ballot' Speech - May 17, 1957_sentences",M,S,M→S
"Martin Luther King Jr. - 'Give Us the Ballot' Speech - May 17, 1957_sentences",S,S,S→S
"Martin Luther King Jr. - 'Give Us the Ballot' Speech - May 17, 1957_sentences",S,M,S→M
"Martin Luther King Jr. - 'Give Us the Ballot' Speech - May 17, 1957_sentences",M,H,M→H
"Martin Luther King Jr. - 'Give Us the Ballot' Speech - May 17, 1957_sentences",H,S,H→S
"Martin Luther King Jr. - 'Give Us the Ballot' Speech - May 17, 1957_sentences",S,S,S→S
"Martin Luther King Jr. - 'Give Us the Ballot' Speech - May 17, 1957_sentences",S,M,S→M
"Martin Luther King Jr. - 'Give Us the Ballot' Speech - May 17, 1957_sentences",M,M,M→M
"Martin Luther King Jr. - 'Give Us the Ballot' Speech - May 17, 1957_sentences",M,S,M→S
"Martin Luther King Jr. - 'Give Us the Ballot' Speech - May 17, 1957_sentences",S,H,S→H
"Martin Luther King Jr. - 'Give Us the Ballot' Speech - May 17, 1957_sentences",H,M,H→M
"Martin Luther King Jr. - 'Give Us the Ballot' Speech - May 17, 1957_sentences",M,M,M→M
"Martin Luther King Jr. - 'Give Us the Ballot' Speech - May 17, 1957_sentences",M,S,M→S
"Martin Luther King Jr. - 'Give Us the Ballot' Speech - May 17, 1957_sentences",S,M,S→M
"Martin Luther King Jr. - 'Give Us the Ballot' Speech - May 17, 1957_sentences",M,H,M→H
"Martin Luther King Jr. - 'Give Us the Ballot' Speech - May 17, 1957_sentences",H,H,H→H
"Martin Luther King Jr. - 'Give Us the Ballot' Speech - May 17, 1957_sentences",H,H,H→H
"Martin Luther King Jr. - 'Give Us the Ballot' Speech - May 17, 1957_sentences",H,S,H→S
"Martin Luther King Jr. - 'Give Us the Ballot' Speech - May 17, 1957_sentences",S,M,S→M
"Martin Luther King Jr. - 'Give Us the Ballot' Speech - May 17, 1957_sentences",M,M,M→M
"Martin Luther King Jr. - 'Give Us the Ballot' Speech - May 17, 1957_sentences",M,M,M→M
"Martin Luther King Jr. - 'Give Us the Ballot' Speech - May 17, 1957_sentences",M,M,M→M
"Martin Luther King Jr. - 'Great March to Freedom Rally' Speech - Detroit, Michigan - June 23, 1963_sentences",H,H,H→H
"Martin Luther King Jr. - 'Great March to Freedom Rally' Speech - Detroit, Michigan - June 23, 1963_sentences",H,H,H→H
"Martin Luther King Jr. - 'Great March to Freedom Rally' Speech - Detroit, Michigan - June 23, 1963_sentences",H,H,H→H
"Martin Luther King Jr. - 'Great March to Freedom Rally' Speech - Detroit, Michigan - June 23, 1963_sentences",H,H,H→H
"Martin Luther King Jr. - 'Great March to Freedom Rally' Speech - Detroit, Michigan - June 23, 1963_sentences",H,S,H→S
"Martin Luther King Jr. - 'Great March to Freedom Rally' Speech - Detroit, Michigan - June 23, 1963_sentences",S,H,S→H
"Martin Luther King Jr. - 'Great March to Freedom Rally' Speech - Detroit, Michigan - June 23, 1963_sentences",H,H,H→H
"Martin Luther King Jr. - 'Great March to Freedom Rally' Speech - Detroit, Michigan - June 23, 1963_sentences",H,H,H→H
"Martin Luther King Jr. - 'Great March to Freedom Rally' Speech - Detroit, Michigan - June 23, 1963_sentences",H,M,H→M
"Martin Luther King Jr. - 'Great March to Freedom Rally' Speech - Detroit, Michigan - June 23, 1963_sentences",M,H,M→H
"Martin Luther King Jr. - 'Great March to Freedom Rally' Speech - Detroit, Michigan - June 23, 1963_sentences",H,M,H→M
"Martin Luther King Jr. - 'Great March to Freedom Rally' Speech - Detroit, Michigan - June 23, 1963_sentences",M,H,M→H
"Martin Luther King Jr. - 'Great March to Freedom Rally' Speech - Detroit, Michigan - June 23, 1963_sentences",H,M,H→M
"Martin Luther King Jr. - 'Great March to Freedom Rally' Speech - Detroit, Michigan - June 23, 1963_sentences",M,H,M→H
"Martin Luther King Jr. “A Knock at Midnight” - February 11, 1962_sentences",M,H,M→H
"Martin Luther King Jr. “A Knock at Midnight” - February 11, 1962_sentences",H,M,H→M
"Martin Luther King Jr. “A Knock at Midnight” - February 11, 1962_sentences",M,S,M→S
"Martin Luther King Jr. “A Knock at Midnight” - February 11, 1962_sentences",S,S,S→S
"Martin Luther King Jr. “A Knock at Midnight” - February 11, 1962_sentences",S,M,S→M
"Martin Luther King Jr. “A Knock at Midnight” - February 11, 1962_sentences",M,M,M→M
"Martin Luther King Jr. “A Knock at Midnight” - February 11, 1962_sentences",M,H,M→H
"Martin Luther King Jr. “A Knock at Midnight” - February 11, 1962_sentences",H,H,H→H
"Martin Luther King Jr. “A Knock at Midnight” - February 11, 1962_sentences",H,M,H→M
"Martin Luther King Jr. “A Knock at Midnight” - February 11, 1962_sentences",M,S,M→S
"Martin Luther King Jr. “A Knock at Midnight” - February 11, 1962_sentences",S,S,S→S
"Martin Luther King Jr. “A Knock at Midnight” - February 11, 1962_sentences",S,M,S→M
"Martin Luther King Jr. “A Knock at Midnight” - February 11, 1962_sentences",M,M,M→M
"Martin Luther King Jr. “A Knock at Midnight” - February 11, 1962_sentences",M,M,M→M
"Martin Luther King Jr. “A Knock at Midnight” - February 11, 1962_sentences",M,H,M→H
"Martin Luther King Jr. “A Knock at Midnight” - February 11, 1962_sentences",H,S,H→S
"Martin Luther King Jr. “A Knock at Midnight” - February 11, 1962_sentences",S,S,S→S
"Martin Luther King Jr. “A Knock at Midnight” - February 11, 1962_sentences",S,M,S→M
"Martin Luther King Jr. “A Knock at Midnight” - February 11, 1962_sentences",M,S,M→S
"Martin Luther King Jr. “A Knock at Midnight” - February 11, 1962_sentences",S,S,S→S
"Martin Luther King Jr. “A Knock at Midnight” - February 11, 1962_sentences",S,M,S→M
"Martin Luther King Jr. “A Knock at Midnight” - February 11, 1962_sentences",M,H,M→H
"Martin Luther King Jr. “A Knock at Midnight” - February 11, 1962_sentences",H,M,H→M
"Martin Luther King Jr. “A Knock at Midnight” - February 11, 1962_sentences",M,M,M→M
"Martin Luther King Jr. “A Knock at Midnight” - February 11, 1962_sentences",M,M,M→M
"Martin Luther King Jr. “A Knock at Midnight” - February 11, 1962_sentences",M,M,M→M
"Martin Luther King Jr. “A Knock at Midnight” - February 11, 1962_sentences",M,H,M→H
"Martin Luther King Jr. “A Knock at Midnight” - February 11, 1962_sentences",H,H,H→H
"Martin Luther King Jr. “A Knock at Midnight” - February 11, 1962_sentences",H,M,H→M
"Martin Luther King Jr. “A Knock at Midnight” - February 11, 1962_sentences",M,M,M→M
"Martin Luther King Jr. “A Knock at Midnight” - February 11, 1962_sentences",M,H,M→H
"Martin Luther King Jr. “A Knock at Midnight” - February 11, 1962_sentences",H,M,H→M
"Martin Luther King Jr. “A Knock at Midnight” - February 11, 1962_sentences",M,H,M→H
"Martin Luther King Jr. “A Knock at Midnight” - February 11, 1962_sentences",H,H,H→H
"Martin Luther King Jr. “A Knock at Midnight” - February 11, 1962_sentences",H,M,H→M
"Martin Luther King Jr. “A Knock at Midnight” - February 11, 1962_sentences",M,M,M→M
"Martin Luther King Jr. “A Knock at Midnight” - February 11, 1962_sentences",M,H,M→H
"Martin Luther King Jr. “A Knock at Midnight” - February 11, 1962_sentences",H,H,H→H
"Martin Luther King Jr. “A Knock at Midnight” - February 11, 1962_sentences",H,M,H→M
"Martin Luther King Jr. “A Knock at Midnight” - February 11, 1962_sentences",M,S,M→S
"Martin Luther King Jr. “A Knock at Midnight” - February 11, 1962_sentences",S,M,S→M
"Martin Luther King Jr. “A Knock at Midnight” - February 11, 1962_sentences",M,M,M→M
"Martin Luther King Jr. “A Knock at Midnight” - February 11, 1962_sentences",M,S,M→S
"Martin Luther King Jr. “A Knock at Midnight” - February 11, 1962_sentences",S,M,S→M
"Martin Luther King Jr. “A Knock at Midnight” - February 11, 1962_sentences",M,M,M→M
"Martin Luther King Jr. “A Knock at Midnight” - February 11, 1962_sentences",M,M,M→M
"Martin Luther King Jr. “A Knock at Midnight” - February 11, 1962_sentences",M,M,M→M
"Martin Luther King Jr. “A Knock at Midnight” - February 11, 1962_sentences",M,H,M→H
"Martin Luther King Jr. “A Knock at Midnight” - February 11, 1962_sentences",H,M,H→M
"Martin Luther King Jr. “A Knock at Midnight” - February 11, 1962_sentences",M,H,M→H
"Martin Luther King Jr. “A Knock at Midnight” - February 11, 1962_sentences",H,H,H→H
"Martin Luther King Jr. “A Knock at Midnight” - February 11, 1962_sentences",H,H,H→H
"Martin Luther King Jr. “A Knock at Midnight” - February 11, 1962_sentences",H,M,H→M
"Martin Luther King Jr. “A Knock at Midnight” - February 11, 1962_sentences",M,M,M→M
"Martin Luther King Jr. “A Knock at Midnight” - February 11, 1962_sentences",M,H,M→H
"Martin Luther King Jr. “A Knock at Midnight” - February 11, 1962_sentences",H,M,H→M
"Martin Luther King Jr. “A Knock at Midnight” - February 11, 1962_sentences",M,S,M→S
"Martin Luther King Jr. “A Knock at Midnight” - February 11, 1962_sentences",S,S,S→S
"Martin Luther King Jr. “A Knock at Midnight” - February 11, 1962_sentences",S,S,S→S
"Martin Luther King Jr. “A Knock at Midnight” - February 11, 1962_sentences",S,S,S→S
"Martin Luther King Jr. “A Knock at Midnight” - February 11, 1962_sentences",S,M,S→M
"Martin Luther King Jr. “A Knock at Midnight” - February 11, 1962_sentences",M,S,M→S
"Martin Luther King Jr. “A Knock at Midnight” - February 11, 1962_sentences",S,H,S→H
"Martin Luther King Jr. “A Knock at Midnight” - February 11, 1962_sentences",H,H,H→H
"Martin Luther King Jr. “A Knock at Midnight” - February 11, 1962_sentences",H,H,H→H
"Martin Luther King Jr. “A Knock at Midnight” - February 11, 1962_sentences",H,M,H→M
"Martin Luther King Jr. “A Knock at Midnight” - February 11, 1962_sentences",M,H,M→H
"Martin Luther King Jr. “A Knock at Midnight” - February 11, 1962_sentences",H,H,H→H
"Martin Luther King Jr. “A Knock at Midnight” - February 11, 1962_sentences",H,H,H→H
"Martin Luther King Jr. “A Knock at Midnight” - February 11, 1962_sentences",H,H,H→H
"Martin Luther King Jr. “A Knock at Midnight” - February 11, 1962_sentences",H,H,H→H
"Martin Luther King Jr. “A Knock at Midnight” - February 11, 1962_sentences",H,H,H→H
"Martin Luther King Jr. “A Knock at Midnight” - February 11, 1962_sentences",H,H,H→H
"Martin Luther King Jr. “A Knock at Midnight” - February 11, 1962_sentences",H,M,H→M
"Martin Luther King Jr. “A Knock at Midnight” - February 11, 1962_sentences",M,M,M→M
"Martin Luther King Jr. “A Knock at Midnight” - February 11, 1962_sentences",M,M,M→M
"Martin Luther King Jr. “A Knock at Midnight” - February 11, 1962_sentences",M,M,M→M
"Martin Luther King Jr. “A Knock at Midnight” - February 11, 1962_sentences",M,H,M→H
"Martin Luther King Jr. “A Knock at Midnight” - February 11, 1962_sentences",H,H,H→H
"Martin Luther King Jr. “A Knock at Midnight” - February 11, 1962_sentences",H,S,H→S
"Martin Luther King Jr. “A Knock at Midnight” - February 11, 1962_sentences",S,M,S→M
"Martin Luther King Jr. “A Knock at Midnight” - February 11, 1962_sentences",M,M,M→M
"Martin Luther King Jr. “A Knock at Midnight” - February 11, 1962_sentences",M,M,M→M
"Martin Luther King Jr. “A Knock at Midnight” - February 11, 1962_sentences",M,M,M→M
"Martin Luther King Jr. “A Knock at Midnight” - February 11, 1962_sentences",M,H,M→H
"Martin Luther King Jr. “A Knock at Midnight” - February 11, 1962_sentences",H,M,H→M
"Martin Luther King Jr. “A Knock at Midnight” - February 11, 1962_sentences",M,M,M→M
"Martin Luther King Jr. “A Knock at Midnight” - February 11, 1962_sentences",M,M,M→M
"Martin Luther King Jr. “A Knock at Midnight” - February 11, 1962_sentences",M,H,M→H
"Martin Luther King Jr. “A Knock at Midnight” - February 11, 1962_sentences",H,H,H→H
"Martin Luther King Jr. “A Knock at Midnight” - February 11, 1962_sentences",H,S,H→S
"Martin Luther King Jr. “A Knock at Midnight” - February 11, 1962_sentences",S,M,S→M
"Martin Luther King Jr. “A Knock at Midnight” - February 11, 1962_sentences",M,S,M→S
"Martin Luther King Jr. “A Knock at Midnight” - February 11, 1962_sentences",S,S,S→S
"Martin Luther King Jr. “A Knock at Midnight” - February 11, 1962_sentences",S,S,S→S
"Martin Luther King Jr. “A Knock at Midnight” - February 11, 1962_sentences",S,S,S→S
"Martin Luther King Jr. “A Knock at Midnight” - February 11, 1962_sentences",S,S,S→S
"Martin Luther King Jr. “A Knock at Midnight” - February 11, 1962_sentences",S,M,S→M
"Martin Luther King Jr. “A Knock at Midnight” - February 11, 1962_sentences",M,M,M→M
"Martin Luther King Jr. “A Knock at Midnight” - February 11, 1962_sentences",M,M,M→M
"Martin Luther King Jr. “A Knock at Midnight” - February 11, 1962_sentences",M,M,M→M
"Martin Luther King Jr. “A Knock at Midnight” - February 11, 1962_sentences",M,S,M→S
"Martin Luther King Jr. “A Knock at Midnight” - February 11, 1962_sentences",S,M,S→M
"Martin Luther King Jr. “A Knock at Midnight” - February 11, 1962_sentences",M,M,M→M
"Martin Luther King Jr. “A Knock at Midnight” - February 11, 1962_sentences",M,S,M→S
"Martin Luther King Jr. “A Knock at Midnight” - February 11, 1962_sentences",S,S,S→S
"Martin Luther King Jr. “A Knock at Midnight” - February 11, 1962_sentences",S,S,S→S
"Martin Luther King Jr. “A Knock at Midnight” - February 11, 1962_sentences",S,S,S→S
"Martin Luther King Jr. “A Knock at Midnight” - February 11, 1962_sentences",S,S,S→S
"Martin Luther King Jr. “A Knock at Midnight” - February 11, 1962_sentences",S,M,S→M
"Martin Luther King Jr. “A Knock at Midnight” - February 11, 1962_sentences",M,H,M→H
"Martin Luther King Jr. “A Knock at Midnight” - February 11, 1962_sentences",H,M,H→M
"Martin Luther King Jr. “A Knock at Midnight” - February 11, 1962_sentences",M,S,M→S
"Martin Luther King Jr. “A Knock at Midnight” - February 11, 1962_sentences",S,S,S→S
"Martin Luther King Jr. “A Knock at Midnight” - February 11, 1962_sentences",S,H,S→H
"Martin Luther King Jr. “A Knock at Midnight” - February 11, 1962_sentences",H,S,H→S
"Martin Luther King Jr. “A Knock at Midnight” - February 11, 1962_sentences",S,H,S→H
"Martin Luther King Jr. “A Knock at Midnight” - February 11, 1962_sentences",H,M,H→M
"Martin Luther King Jr. “A Knock at Midnight” - February 11, 1962_sentences",M,M,M→M
"Martin Luther King Jr. “A Knock at Midnight” - February 11, 1962_sentences",M,S,M→S
"Martin Luther King Jr. “A Knock at Midnight” - February 11, 1962_sentences",S,S,S→S
"Martin Luther King Jr. “A Knock at Midnight” - February 11, 1962_sentences",S,M,S→M
"Martin Luther King Jr. “A Knock at Midnight” - February 11, 1962_sentences",M,S,M→S
"Martin Luther King Jr. “A Knock at Midnight” - February 11, 1962_sentences",S,M,S→M
"Martin Luther King Jr. “A Knock at Midnight” - February 11, 1962_sentences",M,M,M→M
"Martin Luther King Jr. “A Knock at Midnight” - February 11, 1962_sentences",M,H,M→H
"Martin Luther King Jr. “A Knock at Midnight” - February 11, 1962_sentences",H,M,H→M
"Martin Luther King Jr. “A Knock at Midnight” - February 11, 1962_sentences",M,H,M→H
"Martin Luther King Jr. “A Knock at Midnight” - February 11, 1962_sentences",H,M,H→M
"Martin Luther King Jr. “A Knock at Midnight” - February 11, 1962_sentences",M,S,M→S
"Martin Luther King Jr. “A Knock at Midnight” - February 11, 1962_sentences",S,S,S→S
"Martin Luther King Jr. “A Knock at Midnight” - February 11, 1962_sentences",S,S,S→S
"Martin Luther King Jr. “A Knock at Midnight” - February 11, 1962_sentences",S,M,S→M
"Martin Luther King Jr. “A Knock at Midnight” - February 11, 1962_sentences",M,M,M→M
"Martin Luther King Jr. “A Knock at Midnight” - February 11, 1962_sentences",M,H,M→H
"Martin Luther King Jr. “A Knock at Midnight” - February 11, 1962_sentences",H,H,H→H
"Martin Luther King Jr. “A Knock at Midnight” - February 11, 1962_sentences",H,M,H→M
"Martin Luther King Jr. “A Knock at Midnight” - February 11, 1962_sentences",M,M,M→M
"Martin Luther King Jr. “A Knock at Midnight” - February 11, 1962_sentences",M,M,M→M
"Martin Luther King Jr. “A Knock at Midnight” - February 11, 1962_sentences",M,H,M→H
"Martin Luther King Jr. “A Knock at Midnight” - February 11, 1962_sentences",H,M,H→M
"Martin Luther King Jr. “A Knock at Midnight” - February 11, 1962_sentences",M,S,M→S
"Martin Luther King Jr. “A Knock at Midnight” - February 11, 1962_sentences",S,S,S→S
"Martin Luther King Jr. “A Knock at Midnight” - February 11, 1962_sentences",S,M,S→M
"Martin Luther King Jr. “A Knock at Midnight” - February 11, 1962_sentences",M,M,M→M
"Martin Luther King Jr. “A Knock at Midnight” - February 11, 1962_sentences",M,H,M→H
"Martin Luther King Jr. “A Knock at Midnight” - February 11, 1962_sentences",H,M,H→M
"Martin Luther King Jr. “A Knock at Midnight” - February 11, 1962_sentences",M,M,M→M
"Martin Luther King Jr. “A Knock at Midnight” - February 11, 1962_sentences",M,S,M→S
"Martin Luther King Jr. “A Knock at Midnight” - February 11, 1962_sentences",S,M,S→M
"Martin Luther King Jr. “A Knock at Midnight” - February 11, 1962_sentences",M,M,M→M
"Martin Luther King Jr. “A Knock at Midnight” - February 11, 1962_sentences",M,H,M→H
"Martin Luther King Jr. “A Knock at Midnight” - February 11, 1962_sentences",H,M,H→M
"Martin Luther King Jr. “A Knock at Midnight” - February 11, 1962_sentences",M,M,M→M
"Martin Luther King Jr. “A Knock at Midnight” - February 11, 1962_sentences",M,M,M→M
"Martin Luther King Jr. “A Knock at Midnight” - February 11, 1962_sentences",M,S,M→S
"Martin Luther King Jr. “A Knock at Midnight” - February 11, 1962_sentences",S,S,S→S
"Martin Luther King Jr. “A Knock at Midnight” - February 11, 1962_sentences",S,S,S→S
"Martin Luther King Jr. “A Knock at Midnight” - February 11, 1962_sentences",S,S,S→S
"Martin Luther King Jr. “A Knock at Midnight” - February 11, 1962_sentences",S,M,S→M
"Martin Luther King Jr. “A Knock at Midnight” - February 11, 1962_sentences",M,M,M→M
"Martin Luther King Jr. “A Knock at Midnight” - February 11, 1962_sentences",M,M,M→M
"Martin Luther King Jr. “A Knock at Midnight” - February 11, 1962_sentences",M,M,M→M
"Martin Luther King Jr. “A Knock at Midnight” - February 11, 1962_sentences",M,H,M→H
"Martin Luther King Jr. “A Knock at Midnight” - February 11, 1962_sentences",H,S,H→S
"Martin Luther King Jr. “A Knock at Midnight” - February 11, 1962_sentences",S,S,S→S
"Martin Luther King Jr. “A Knock at Midnight” - February 11, 1962_sentences",S,H,S→H
"Martin Luther King Jr. “A Knock at Midnight” - February 11, 1962_sentences",H,S,H→S
"Martin Luther King Jr. “A Knock at Midnight” - February 11, 1962_sentences",S,M,S→M
"Martin Luther King Jr. “A Knock at Midnight” - February 11, 1962_sentences",M,M,M→M
"Martin Luther King Jr. “A Knock at Midnight” - February 11, 1962_sentences",M,S,M→S
"Martin Luther King Jr. “A Knock at Midnight” - February 11, 1962_sentences",S,M,S→M
"Martin Luther King Jr. “A Knock at Midnight” - February 11, 1962_sentences",M,H,M→H
"Martin Luther King Jr. “A Knock at Midnight” - February 11, 1962_sentences",H,H,H→H
"Martin Luther King Jr. “A Knock at Midnight” - February 11, 1962_sentences",H,M,H→M
"Martin Luther King Jr. “A Knock at Midnight” - February 11, 1962_sentences",M,H,M→H
"Martin Luther King Jr. “A Knock at Midnight” - February 11, 1962_sentences",H,S,H→S
"Martin Luther King Jr. “A Knock at Midnight” - February 11, 1962_sentences",S,S,S→S
"Martin Luther King Jr. “A Knock at Midnight” - February 11, 1962_sentences",S,S,S→S
"Martin Luther King Jr. “A Knock at Midnight” - February 11, 1962_sentences",S,S,S→S
"Martin Luther King Jr. “A Knock at Midnight” - February 11, 1962_sentences",S,S,S→S
"Martin Luther King Jr. “A Knock at Midnight” - February 11, 1962_sentences",S,S,S→S
"Martin Luther King Jr. “A Knock at Midnight” - February 11, 1962_sentences",S,S,S→S
"Martin Luther King Jr. “A Knock at Midnight” - February 11, 1962_sentences",S,M,S→M
"Martin Luther King Jr. “A Knock at Midnight” - February 11, 1962_sentences",M,S,M→S
"Martin Luther King Jr. “A Knock at Midnight” - February 11, 1962_sentences",S,S,S→S
"Martin Luther King Jr. “A Knock at Midnight” - February 11, 1962_sentences",S,S,S→S
"Martin Luther King Jr. “A Knock at Midnight” - February 11, 1962_sentences",S,S,S→S
"Martin Luther King Jr. “A Knock at Midnight” - February 11, 1962_sentences",S,M,S→M
"Martin Luther King Jr. “A Knock at Midnight” - February 11, 1962_sentences",M,M,M→M
"Martin Luther King Jr. “A Knock at Midnight” - February 11, 1962_sentences",M,M,M→M
"Martin Luther King Jr. “A Knock at Midnight” - February 11, 1962_sentences",M,S,M→S
"Martin Luther King Jr. “A Knock at Midnight” - February 11, 1962_sentences",S,S,S→S
"Martin Luther King Jr. “A Knock at Midnight” - February 11, 1962_sentences",S,S,S→S
"Martin Luther King Jr. “A Knock at Midnight” - February 11, 1962_sentences",S,M,S→M
"Martin Luther King Jr. “A Knock at Midnight” - February 11, 1962_sentences",M,M,M→M
"Martin Luther King Jr. “A Knock at Midnight” - February 11, 1962_sentences",M,S,M→S
"Martin Luther King Jr. “A Knock at Midnight” - February 11, 1962_sentences",S,M,S→M
"Martin Luther King Jr. “A Knock at Midnight” - February 11, 1962_sentences",M,M,M→M
"Martin Luther King Jr. “A Knock at Midnight” - February 11, 1962_sentences",M,S,M→S
"Martin Luther King Jr. “A Knock at Midnight” - February 11, 1962_sentences",S,S,S→S
"Martin Luther King Jr. “A Knock at Midnight” - February 11, 1962_sentences",S,S,S→S
"Martin Luther King Jr. “A Knock at Midnight” - February 11, 1962_sentences",S,H,S→H
"Martin Luther King Jr. “A Knock at Midnight” - February 11, 1962_sentences",H,H,H→H
"Martin Luther King Jr. “A Knock at Midnight” - February 11, 1962_sentences",H,H,H→H
"Martin Luther King Jr. “A Knock at Midnight” - February 11, 1962_sentences",H,M,H→M
"Martin Luther King Jr. “A Knock at Midnight” - February 11, 1962_sentences",M,S,M→S
"Martin Luther King Jr. “A Knock at Midnight” - February 11, 1962_sentences",S,M,S→M
"Martin Luther King Jr. “A Knock at Midnight” - February 11, 1962_sentences",M,S,M→S
"Martin Luther King Jr. “A Knock at Midnight” - February 11, 1962_sentences",S,M,S→M
"Martin Luther King Jr. “A Knock at Midnight” - February 11, 1962_sentences",M,H,M→H
"Martin Luther King Jr. “A Knock at Midnight” - February 11, 1962_sentences",H,S,H→S
"Martin Luther King Jr. “A Knock at Midnight” - February 11, 1962_sentences",S,H,S→H
"Martin Luther King Jr. “A Knock at Midnight” - February 11, 1962_sentences",H,S,H→S
"Martin Luther King Jr. “A Knock at Midnight” - February 11, 1962_sentences",S,S,S→S
"Martin Luther King Jr. “A Knock at Midnight” - February 11, 1962_sentences",S,M,S→M
"Martin Luther King Jr. “A Knock at Midnight” - February 11, 1962_sentences",M,S,M→S
"Martin Luther King Jr. “A Knock at Midnight” - February 11, 1962_sentences",S,M,S→M
"Martin Luther King Jr. “A Knock at Midnight” - February 11, 1962_sentences",M,M,M→M
"Martin Luther King Jr. “A Knock at Midnight” - February 11, 1962_sentences",M,H,M→H
"Martin Luther King Jr. “A Knock at Midnight” - February 11, 1962_sentences",H,S,H→S
"Martin Luther King Jr. “A Knock at Midnight” - February 11, 1962_sentences",S,S,S→S
"Martin Luther King Jr. “A Knock at Midnight” - February 11, 1962_sentences",S,H,S→H
"Martin Luther King Jr. “A Knock at Midnight” - February 11, 1962_sentences",H,M,H→M
"Martin Luther King Jr. “A Knock at Midnight” - February 11, 1962_sentences",M,H,M→H
"Martin Luther King Jr. “A Knock at Midnight” - February 11, 1962_sentences",H,M,H→M
"Martin Luther King Jr. “A Knock at Midnight” - February 11, 1962_sentences",M,H,M→H
"Martin Luther King Jr. “A Knock at Midnight” - February 11, 1962_sentences",H,S,H→S
"Martin Luther King Jr. “A Knock at Midnight” - February 11, 1962_sentences",S,S,S→S
"Martin Luther King Jr., _Why Jesus Called a Man a Fool_ August 27, 1967_sentences",S,M,S→M
"Martin Luther King Jr., _Why Jesus Called a Man a Fool_ August 27, 1967_sentences",M,M,M→M
"Martin Luther King Jr., _Why Jesus Called a Man a Fool_ August 27, 1967_sentences",M,S,M→S
"Martin Luther King Jr., _Why Jesus Called a Man a Fool_ August 27, 1967_sentences",S,M,S→M
"Martin Luther King Jr., _Why Jesus Called a Man a Fool_ August 27, 1967_sentences",M,M,M→M
"Martin Luther King Jr., _Why Jesus Called a Man a Fool_ August 27, 1967_sentences",M,S,M→S
"Martin Luther King Jr., _Why Jesus Called a Man a Fool_ August 27, 1967_sentences",S,M,S→M
"Martin Luther King Jr., _Why Jesus Called a Man a Fool_ August 27, 1967_sentences",M,M,M→M
"Martin Luther King Jr., _Why Jesus Called a Man a Fool_ August 27, 1967_sentences",M,S,M→S
"Martin Luther King Jr., _Why Jesus Called a Man a Fool_ August 27, 1967_sentences",S,S,S→S
"Martin Luther King Jr., _Why Jesus Called a Man a Fool_ August 27, 1967_sentences",S,M,S→M
"Martin Luther King Jr., _Why Jesus Called a Man a Fool_ August 27, 1967_sentences",M,M,M→M
"Martin Luther King Jr., _Why Jesus Called a Man a Fool_ August 27, 1967_sentences",M,S,M→S
"Martin Luther King Jr., _Why Jesus Called a Man a Fool_ August 27, 1967_sentences",S,S,S→S
"Martin Luther King Jr., _Why Jesus Called a Man a Fool_ August 27, 1967_sentences",S,H,S→H
"Martin Luther King Jr., _Why Jesus Called a Man a Fool_ August 27, 1967_sentences",H,S,H→S
"Martin Luther King Jr., _Why Jesus Called a Man a Fool_ August 27, 1967_sentences",S,S,S→S
"Martin Luther King Jr., _Why Jesus Called a Man a Fool_ August 27, 1967_sentences",S,S,S→S
"Martin Luther King Jr., _Why Jesus Called a Man a Fool_ August 27, 1967_sentences",S,S,S→S
"Martin Luther King Jr., _Why Jesus Called a Man a Fool_ August 27, 1967_sentences",S,S,S→S
"Martin Luther King Jr., _Why Jesus Called a Man a Fool_ August 27, 1967_sentences",S,M,S→M
"Martin Luther King Jr., _Why Jesus Called a Man a Fool_ August 27, 1967_sentences",M,S,M→S
"Martin Luther King Jr., _Why Jesus Called a Man a Fool_ August 27, 1967_sentences",S,M,S→M
"Martin Luther King Jr., _Why Jesus Called a Man a Fool_ August 27, 1967_sentences",M,M,M→M
"Martin Luther King Jr., _Why Jesus Called a Man a Fool_ August 27, 1967_sentences",M,M,M→M
"Martin Luther King Jr., _Why Jesus Called a Man a Fool_ August 27, 1967_sentences",M,S,M→S
"Martin Luther King Jr., _Why Jesus Called a Man a Fool_ August 27, 1967_sentences",S,S,S→S
"Martin Luther King Jr., _Why Jesus Called a Man a Fool_ August 27, 1967_sentences",S,H,S→H
"Martin Luther King Jr., _Why Jesus Called a Man a Fool_ August 27, 1967_sentences",H,M,H→M
"Martin Luther King Jr., _Why Jesus Called a Man a Fool_ August 27, 1967_sentences",M,M,M→M
"Martin Luther King Jr., _Why Jesus Called a Man a Fool_ August 27, 1967_sentences",M,M,M→M
"Martin Luther King Jr., _Why Jesus Called a Man a Fool_ August 27, 1967_sentences",M,S,M→S
"Martin Luther King Jr., _Why Jesus Called a Man a Fool_ August 27, 1967_sentences",S,H,S→H
"Martin Luther King Jr., _Why Jesus Called a Man a Fool_ August 27, 1967_sentences",H,H,H→H
"Martin Luther King Jr., _Why Jesus Called a Man a Fool_ August 27, 1967_sentences",H,H,H→H
"Martin Luther King Jr., _Why Jesus Called a Man a Fool_ August 27, 1967_sentences",H,S,H→S
"Martin Luther King Jr., _Why Jesus Called a Man a Fool_ August 27, 1967_sentences",S,M,S→M
"Martin Luther King Jr., _Why Jesus Called a Man a Fool_ August 27, 1967_sentences",M,M,M→M
"Martin Luther King Jr., _Why Jesus Called a Man a Fool_ August 27, 1967_sentences",M,S,M→S
"Martin Luther King Jr., _Why Jesus Called a Man a Fool_ August 27, 1967_sentences",S,M,S→M
"Martin Luther King Jr., _Why Jesus Called a Man a Fool_ August 27, 1967_sentences",M,M,M→M
"Martin Luther King Jr., _Why Jesus Called a Man a Fool_ August 27, 1967_sentences",M,S,M→S
"Martin Luther King Jr., _Why Jesus Called a Man a Fool_ August 27, 1967_sentences",S,S,S→S
"Martin Luther King Jr., _Why Jesus Called a Man a Fool_ August 27, 1967_sentences",S,S,S→S
"Martin Luther King Jr., _Why Jesus Called a Man a Fool_ August 27, 1967_sentences",S,H,S→H
"Martin Luther King Jr., _Why Jesus Called a Man a Fool_ August 27, 1967_sentences",H,S,H→S
"Martin Luther King Jr., _Why Jesus Called a Man a Fool_ August 27, 1967_sentences",S,S,S→S
"Martin Luther King Jr., _Why Jesus Called a Man a Fool_ August 27, 1967_sentences",S,S,S→S
"Martin Luther King Jr., _Why Jesus Called a Man a Fool_ August 27, 1967_sentences",S,S,S→S
"Martin Luther King Jr., _Why Jesus Called a Man a Fool_ August 27, 1967_sentences",S,S,S→S
"Martin Luther King Jr., _Why Jesus Called a Man a Fool_ August 27, 1967_sentences",S,M,S→M
"Martin Luther King Jr., _Why Jesus Called a Man a Fool_ August 27, 1967_sentences",M,M,M→M
"Martin Luther King Jr., _Why Jesus Called a Man a Fool_ August 27, 1967_sentences",M,M,M→M
"Martin Luther King Jr., _Why Jesus Called a Man a Fool_ August 27, 1967_sentences",M,M,M→M
"Martin Luther King Jr., _Why Jesus Called a Man a Fool_ August 27, 1967_sentences",M,S,M→S
"Martin Luther King Jr., _Why Jesus Called a Man a Fool_ August 27, 1967_sentences",S,S,S→S
"Martin Luther King Jr., _Why Jesus Called a Man a Fool_ August 27, 1967_sentences",S,M,S→M
"Martin Luther King Jr., _Why Jesus Called a Man a Fool_ August 27, 1967_sentences",M,S,M→S
"Martin Luther King Jr., _Why Jesus Called a Man a Fool_ August 27, 1967_sentences",S,M,S→M
"Martin Luther King Jr., _Why Jesus Called a Man a Fool_ August 27, 1967_sentences",M,M,M→M
"Martin Luther King Jr., _Why Jesus Called a Man a Fool_ August 27, 1967_sentences",M,H,M→H
"Martin Luther King Jr., _Why Jesus Called a Man a Fool_ August 27, 1967_sentences",H,M,H→M
"Martin Luther King Jr., _Why Jesus Called a Man a Fool_ August 27, 1967_sentences",M,M,M→M
"Martin Luther King Jr., _Why Jesus Called a Man a Fool_ August 27, 1967_sentences",M,M,M→M
"Martin Luther King Jr., _Why Jesus Called a Man a Fool_ August 27, 1967_sentences",M,M,M→M
"Martin Luther King Jr., _Why Jesus Called a Man a Fool_ August 27, 1967_sentences",M,S,M→S
"Martin Luther King Jr., _Why Jesus Called a Man a Fool_ August 27, 1967_sentences",S,M,S→M
"Martin Luther King Jr., _Why Jesus Called a Man a Fool_ August 27, 1967_sentences",M,M,M→M
"Martin Luther King Jr., _Why Jesus Called a Man a Fool_ August 27, 1967_sentences",M,M,M→M
"Martin Luther King Jr., _Why Jesus Called a Man a Fool_ August 27, 1967_sentences",M,M,M→M
"Martin Luther King Jr., _Why Jesus Called a Man a Fool_ August 27, 1967_sentences",M,S,M→S
"Martin Luther King Jr., _Why Jesus Called a Man a Fool_ August 27, 1967_sentences",S,S,S→S
"Martin Luther King Jr., _Why Jesus Called a Man a Fool_ August 27, 1967_sentences",S,S,S→S
"Martin Luther King Jr., _Why Jesus Called a Man a Fool_ August 27, 1967_sentences",S,M,S→M
"Martin Luther King Jr., _Why Jesus Called a Man a Fool_ August 27, 1967_sentences",M,M,M→M
"Martin Luther King Jr., _Why Jesus Called a Man a Fool_ August 27, 1967_sentences",M,M,M→M
"Martin Luther King Jr., _Why Jesus Called a Man a Fool_ August 27, 1967_sentences",M,M,M→M
"Martin Luther King Jr., _Why Jesus Called a Man a Fool_ August 27, 1967_sentences",M,S,M→S
"Martin Luther King Jr., _Why Jesus Called a Man a Fool_ August 27, 1967_sentences",S,S,S→S
"Martin Luther King Jr., _Why Jesus Called a Man a Fool_ August 27, 1967_sentences",S,H,S→H
"Martin Luther King Jr., _Why Jesus Called a Man a Fool_ August 27, 1967_sentences",H,M,H→M
"Martin Luther King Jr., _Why Jesus Called a Man a Fool_ August 27, 1967_sentences",M,H,M→H
"Martin Luther King Jr., _Why Jesus Called a Man a Fool_ August 27, 1967_sentences",H,S,H→S
"Martin Luther King Jr., _Why Jesus Called a Man a Fool_ August 27, 1967_sentences",S,M,S→M
"Martin Luther King Jr., _Why Jesus Called a Man a Fool_ August 27, 1967_sentences",M,S,M→S
"Martin Luther King Jr., _Why Jesus Called a Man a Fool_ August 27, 1967_sentences",S,M,S→M
"Martin Luther King Jr., _Why Jesus Called a Man a Fool_ August 27, 1967_sentences",M,M,M→M
"Martin Luther King Jr., _Why Jesus Called a Man a Fool_ August 27, 1967_sentences",M,M,M→M
"Martin Luther King Jr., _Why Jesus Called a Man a Fool_ August 27, 1967_sentences",M,S,M→S
"Martin Luther King Jr., _Why Jesus Called a Man a Fool_ August 27, 1967_sentences",S,S,S→S
"Martin Luther King Jr., _Why Jesus Called a Man a Fool_ August 27, 1967_sentences",S,M,S→M
"Martin Luther King Jr., _Why Jesus Called a Man a Fool_ August 27, 1967_sentences",M,S,M→S
"Martin Luther King Jr., _Why Jesus Called a Man a Fool_ August 27, 1967_sentences",S,M,S→M
"Martin Luther King Jr., _Why Jesus Called a Man a Fool_ August 27, 1967_sentences",M,M,M→M
"Martin Luther King Jr., _Why Jesus Called a Man a Fool_ August 27, 1967_sentences",M,S,M→S
"Martin Luther King Jr., _Why Jesus Called a Man a Fool_ August 27, 1967_sentences",S,S,S→S
"Martin Luther King Jr., _Why Jesus Called a Man a Fool_ August 27, 1967_sentences",S,M,S→M
"Martin Luther King Jr., _Why Jesus Called a Man a Fool_ August 27, 1967_sentences",M,M,M→M
"Martin Luther King Jr., _Why Jesus Called a Man a Fool_ August 27, 1967_sentences",M,S,M→S
"Martin Luther King Jr., _Why Jesus Called a Man a Fool_ August 27, 1967_sentences",S,S,S→S
"Martin Luther King Jr., _Why Jesus Called a Man a Fool_ August 27, 1967_sentences",S,S,S→S
"Martin Luther King Jr., _Why Jesus Called a Man a Fool_ August 27, 1967_sentences",S,S,S→S
"Martin Luther King Jr., _Why Jesus Called a Man a Fool_ August 27, 1967_sentences",S,S,S→S
"Martin Luther King Jr., _Why Jesus Called a Man a Fool_ August 27, 1967_sentences",S,S,S→S
"Martin Luther King Jr., _Why Jesus Called a Man a Fool_ August 27, 1967_sentences",S,S,S→S
"Martin Luther King Jr., _Why Jesus Called a Man a Fool_ August 27, 1967_sentences",S,M,S→M
"Martin Luther King Jr., _Why Jesus Called a Man a Fool_ August 27, 1967_sentences",M,M,M→M
"Martin Luther King Jr., _Why Jesus Called a Man a Fool_ August 27, 1967_sentences",M,H,M→H
"Martin Luther King Jr., _Why Jesus Called a Man a Fool_ August 27, 1967_sentences",H,S,H→S
"Martin Luther King Jr., _Why Jesus Called a Man a Fool_ August 27, 1967_sentences",S,S,S→S
"Martin Luther King Jr., _Why Jesus Called a Man a Fool_ August 27, 1967_sentences",S,M,S→M
"Martin Luther King Jr., _Why Jesus Called a Man a Fool_ August 27, 1967_sentences",M,S,M→S
"Martin Luther King Jr., _Why Jesus Called a Man a Fool_ August 27, 1967_sentences",S,S,S→S
"Martin Luther King Jr., _Why Jesus Called a Man a Fool_ August 27, 1967_sentences",S,M,S→M
"Martin Luther King Jr., _Why Jesus Called a Man a Fool_ August 27, 1967_sentences",M,S,M→S
"Martin Luther King Jr., _Why Jesus Called a Man a Fool_ August 27, 1967_sentences",S,S,S→S
"Martin Luther King Jr., _Why Jesus Called a Man a Fool_ August 27, 1967_sentences",S,S,S→S
"Martin Luther King Jr., _Why Jesus Called a Man a Fool_ August 27, 1967_sentences",S,S,S→S
"Martin Luther King Jr., _Why Jesus Called a Man a Fool_ August 27, 1967_sentences",S,S,S→S
"Martin Luther King Jr., _Why Jesus Called a Man a Fool_ August 27, 1967_sentences",S,S,S→S
"Martin Luther King Jr., _Why Jesus Called a Man a Fool_ August 27, 1967_sentences",S,H,S→H
"Martin Luther King Jr., _Why Jesus Called a Man a Fool_ August 27, 1967_sentences",H,S,H→S
"Martin Luther King Jr., _Why Jesus Called a Man a Fool_ August 27, 1967_sentences",S,M,S→M
"Martin Luther King Jr., _Why Jesus Called a Man a Fool_ August 27, 1967_sentences",M,S,M→S
"Martin Luther King Jr., _Why Jesus Called a Man a Fool_ August 27, 1967_sentences",S,M,S→M
"Martin Luther King Jr., _Why Jesus Called a Man a Fool_ August 27, 1967_sentences",M,S,M→S
"Martin Luther King Jr., _Why Jesus Called a Man a Fool_ August 27, 1967_sentences",S,M,S→M
"Martin Luther King Jr., _Why Jesus Called a Man a Fool_ August 27, 1967_sentences",M,M,M→M
"Martin Luther King Jr., _Why Jesus Called a Man a Fool_ August 27, 1967_sentences",M,S,M→S
"Martin Luther King Jr., _Why Jesus Called a Man a Fool_ August 27, 1967_sentences",S,S,S→S
"Martin Luther King Jr., _Why Jesus Called a Man a Fool_ August 27, 1967_sentences",S,S,S→S
"Martin Luther King Jr., _Why Jesus Called a Man a Fool_ August 27, 1967_sentences",S,M,S→M
"Martin Luther King Jr., _Why Jesus Called a Man a Fool_ August 27, 1967_sentences",M,S,M→S
"Martin Luther King Jr., _Why Jesus Called a Man a Fool_ August 27, 1967_sentences",S,S,S→S
"Martin Luther King Jr., _Why Jesus Called a Man a Fool_ August 27, 1967_sentences",S,S,S→S
"Martin Luther King Jr., _Why Jesus Called a Man a Fool_ August 27, 1967_sentences",S,S,S→S
"Martin Luther King Jr., _Why Jesus Called a Man a Fool_ August 27, 1967_sentences",S,S,S→S
"Martin Luther King Jr., _Why Jesus Called a Man a Fool_ August 27, 1967_sentences",S,H,S→H
"Martin Luther King Jr., _Why Jesus Called a Man a Fool_ August 27, 1967_sentences",H,M,H→M
"Martin Luther King Jr., _Why Jesus Called a Man a Fool_ August 27, 1967_sentences",M,S,M→S
"Martin Luther King Jr., _Why Jesus Called a Man a Fool_ August 27, 1967_sentences",S,S,S→S
"Martin Luther King Jr., _Why Jesus Called a Man a Fool_ August 27, 1967_sentences",S,S,S→S
"Martin Luther King Jr., _Why Jesus Called a Man a Fool_ August 27, 1967_sentences",S,S,S→S
"Martin Luther King Jr., _Why Jesus Called a Man a Fool_ August 27, 1967_sentences",S,M,S→M
"Martin Luther King Jr., _Why Jesus Called a Man a Fool_ August 27, 1967_sentences",M,M,M→M
"Martin Luther King Jr., _Why Jesus Called a Man a Fool_ August 27, 1967_sentences",M,S,M→S
"Martin Luther King Jr., _Why Jesus Called a Man a Fool_ August 27, 1967_sentences",S,S,S→S
"Martin Luther King Jr., _Why Jesus Called a Man a Fool_ August 27, 1967_sentences",S,S,S→S
"Martin Luther King Jr., _Why Jesus Called a Man a Fool_ August 27, 1967_sentences",S,M,S→M
"Martin Luther King Jr., _Why Jesus Called a Man a Fool_ August 27, 1967_sentences",M,S,M→S
"Martin Luther King Jr., _Why Jesus Called a Man a Fool_ August 27, 1967_sentences",S,M,S→M
"Martin Luther King Jr., _Why Jesus Called a Man a Fool_ August 27, 1967_sentences",M,S,M→S
"Martin Luther King Jr., _Why Jesus Called a Man a Fool_ August 27, 1967_sentences",S,M,S→M
"Martin Luther King Jr., _Why Jesus Called a Man a Fool_ August 27, 1967_sentences",M,S,M→S
"Martin Luther King Jr., _Why Jesus Called a Man a Fool_ August 27, 1967_sentences",S,M,S→M
"Martin Luther King Jr., _Why Jesus Called a Man a Fool_ August 27, 1967_sentences",M,S,M→S
"Martin Luther King Jr., _Why Jesus Called a Man a Fool_ August 27, 1967_sentences",S,S,S→S
"Martin Luther King Jr., _Why Jesus Called a Man a Fool_ August 27, 1967_sentences",S,M,S→M
"Martin Luther King Jr., _Why Jesus Called a Man a Fool_ August 27, 1967_sentences",M,S,M→S
"Martin Luther King Jr., _Why Jesus Called a Man a Fool_ August 27, 1967_sentences",S,S,S→S
"Martin Luther King Jr., _Why Jesus Called a Man a Fool_ August 27, 1967_sentences",S,H,S→H
"Martin Luther King Jr., _Why Jesus Called a Man a Fool_ August 27, 1967_sentences",H,S,H→S
"Martin Luther King Jr., _Why Jesus Called a Man a Fool_ August 27, 1967_sentences",S,M,S→M
"Martin Luther King Jr., _Why Jesus Called a Man a Fool_ August 27, 1967_sentences",M,H,M→H
"Martin Luther King Jr., _Why Jesus Called a Man a Fool_ August 27, 1967_sentences",H,S,H→S
"Martin Luther King Jr., _Why Jesus Called a Man a Fool_ August 27, 1967_sentences",S,S,S→S
"Martin Luther King Jr., _Why Jesus Called a Man a Fool_ August 27, 1967_sentences",S,S,S→S
"Martin Luther King Jr., _Why Jesus Called a Man a Fool_ August 27, 1967_sentences",S,M,S→M
"Martin Luther King Jr., _Why Jesus Called a Man a Fool_ August 27, 1967_sentences",M,M,M→M
"Martin Luther King Jr., _Why Jesus Called a Man a Fool_ August 27, 1967_sentences",M,H,M→H
"Martin Luther King Jr., _Why Jesus Called a Man a Fool_ August 27, 1967_sentences",H,S,H→S
"Martin Luther King Jr., _Why Jesus Called a Man a Fool_ August 27, 1967_sentences",S,S,S→S
"Martin Luther King Jr., _Why Jesus Called a Man a Fool_ August 27, 1967_sentences",S,S,S→S
"Martin Luther King Jr., _Why Jesus Called a Man a Fool_ August 27, 1967_sentences",S,S,S→S
"Martin Luther King Jr., _Why Jesus Called a Man a Fool_ August 27, 1967_sentences",S,S,S→S
"Martin Luther King Jr., _Why Jesus Called a Man a Fool_ August 27, 1967_sentences",S,S,S→S
"Martin Luther King Jr., _Why Jesus Called a Man a Fool_ August 27, 1967_sentences",S,S,S→S
"Martin Luther King Jr., _Why Jesus Called a Man a Fool_ August 27, 1967_sentences",S,S,S→S
"Martin Luther King Jr., _Why Jesus Called a Man a Fool_ August 27, 1967_sentences",S,S,S→S
"Martin Luther King Jr., _Why Jesus Called a Man a Fool_ August 27, 1967_sentences",S,H,S→H
"Martin Luther King Jr., _Why Jesus Called a Man a Fool_ August 27, 1967_sentences",H,H,H→H
"Martin Luther King Jr., _Why Jesus Called a Man a Fool_ August 27, 1967_sentences",H,M,H→M
"Martin Luther King Jr., _Why Jesus Called a Man a Fool_ August 27, 1967_sentences",M,M,M→M
"Martin Luther King Jr., _Why Jesus Called a Man a Fool_ August 27, 1967_sentences",M,M,M→M
"Martin Luther King Jr., _Why Jesus Called a Man a Fool_ August 27, 1967_sentences",M,M,M→M
"Martin Luther King Jr., _Why Jesus Called a Man a Fool_ August 27, 1967_sentences",M,S,M→S
"Martin Luther King Jr., _Why Jesus Called a Man a Fool_ August 27, 1967_sentences",S,H,S→H
"Martin Luther King Jr., _Why Jesus Called a Man a Fool_ August 27, 1967_sentences",H,M,H→M
"Martin Luther King Jr., _Why Jesus Called a Man a Fool_ August 27, 1967_sentences",M,M,M→M
"Martin Luther King Jr., _Why Jesus Called a Man a Fool_ August 27, 1967_sentences",M,S,M→S
"Martin Luther King Jr., _Why Jesus Called a Man a Fool_ August 27, 1967_sentences",S,M,S→M
"Martin Luther King Jr., _Why Jesus Called a Man a Fool_ August 27, 1967_sentences",M,M,M→M
"Martin Luther King Jr., _Why Jesus Called a Man a Fool_ August 27, 1967_sentences",M,M,M→M
"Martin Luther King Jr., _Why Jesus Called a Man a Fool_ August 27, 1967_sentences",M,M,M→M
"Martin Luther King Jr., _Why Jesus Called a Man a Fool_ August 27, 1967_sentences",M,H,M→H
"Martin Luther King Jr., _Why Jesus Called a Man a Fool_ August 27, 1967_sentences",H,S,H→S
"Martin Luther King Jr., _Why Jesus Called a Man a Fool_ August 27, 1967_sentences",S,H,S→H
"Martin Luther King Jr., _Why Jesus Called a Man a Fool_ August 27, 1967_sentences",H,M,H→M
"Martin Luther King Jr., _Why Jesus Called a Man a Fool_ August 27, 1967_sentences",M,M,M→M
Martin Luther King's Sermon_ The Drum Major Instinct_sentences,M,H,M→H
Martin Luther King's Sermon_ The Drum Major Instinct_sentences,H,H,H→H
Martin Luther King's Sermon_ The Drum Major Instinct_sentences,H,H,H→H
Martin Luther King's Sermon_ The Drum Major Instinct_sentences,H,S,H→S
Martin Luther King's Sermon_ The Drum Major Instinct_sentences,S,M,S→M
Martin Luther King's Sermon_ The Drum Major Instinct_sentences,M,M,M→M
Martin Luther King's Sermon_ The Drum Major Instinct_sentences,M,M,M→M
Martin Luther King's Sermon_ The Drum Major Instinct_sentences,M,S,M→S
Martin Luther King's Sermon_ The Drum Major Instinct_sentences,S,M,S→M
Martin Luther King's Sermon_ The Drum Major Instinct_sentences,M,S,M→S
Martin Luther King's Sermon_ The Drum Major Instinct_sentences,S,S,S→S
Martin Luther King's Sermon_ The Drum Major Instinct_sentences,S,M,S→M
Martin Luther King's Sermon_ The Drum Major Instinct_sentences,M,S,M→S
Martin Luther King's Sermon_ The Drum Major Instinct_sentences,S,H,S→H
Martin Luther King's Sermon_ The Drum Major Instinct_sentences,H,H,H→H
Martin Luther King's Sermon_ The Drum Major Instinct_sentences,H,S,H→S
Martin Luther King's Sermon_ The Drum Major Instinct_sentences,S,M,S→M
Martin Luther King's Sermon_ The Drum Major Instinct_sentences,M,M,M→M
Martin Luther King's Sermon_ The Drum Major Instinct_sentences,M,M,M→M
Martin Luther King's Sermon_ The Drum Major Instinct_sentences,M,S,M→S
Martin Luther King's Sermon_ The Drum Major Instinct_sentences,S,H,S→H
Martin Luther King's Sermon_ The Drum Major Instinct_sentences,H,H,H→H
Martin Luther King's Sermon_ The Drum Major Instinct_sentences,H,S,H→S
Martin Luther King's Sermon_ The Drum Major Instinct_sentences,S,H,S→H
Martin Luther King's Sermon_ The Drum Major Instinct_sentences,H,S,H→S
Martin Luther King's Sermon_ The Drum Major Instinct_sentences,S,S,S→S
Martin Luther King's Sermon_ The Drum Major Instinct_sentences,S,M,S→M
Martin Luther King's Sermon_ The Drum Major Instinct_sentences,M,H,M→H
Martin Luther King's Sermon_ The Drum Major Instinct_sentences,H,H,H→H
Martin Luther King's Sermon_ The Drum Major Instinct_sentences,H,S,H→S
Martin Luther King's Sermon_ The Drum Major Instinct_sentences,S,M,S→M
Martin Luther King's Sermon_ The Drum Major Instinct_sentences,M,H,M→H
Martin Luther King's Sermon_ The Drum Major Instinct_sentences,H,S,H→S
Martin Luther King's Sermon_ The Drum Major Instinct_sentences,S,S,S→S
Martin Luther King's Sermon_ The Drum Major Instinct_sentences,S,H,S→H
Martin Luther King's Sermon_ The Drum Major Instinct_sentences,H,S,H→S
Martin Luther King's Sermon_ The Drum Major Instinct_sentences,S,S,S→S
Martin Luther King's Sermon_ The Drum Major Instinct_sentences,S,S,S→S
Martin Luther King's Sermon_ The Drum Major Instinct_sentences,S,M,S→M
Martin Luther King's Sermon_ The Drum Major Instinct_sentences,M,H,M→H
Martin Luther King's Sermon_ The Drum Major Instinct_sentences,H,M,H→M
Martin Luther King's Sermon_ The Drum Major Instinct_sentences,M,M,M→M
Martin Luther King's Sermon_ The Drum Major Instinct_sentences,M,H,M→H
Martin Luther King's Sermon_ The Drum Major Instinct_sentences,H,M,H→M
Martin Luther King's Sermon_ The Drum Major Instinct_sentences,M,H,M→H
Martin Luther King's Sermon_ The Drum Major Instinct_sentences,H,H,H→H
Martin Luther King's Sermon_ The Drum Major Instinct_sentences,H,M,H→M
Martin Luther King's Sermon_ The Drum Major Instinct_sentences,M,M,M→M
Martin Luther King's Sermon_ The Drum Major Instinct_sentences,M,S,M→S
Martin Luther King's Sermon_ The Drum Major Instinct_sentences,S,S,S→S
Martin Luther King's Sermon_ The Drum Major Instinct_sentences,S,M,S→M
Martin Luther King's Sermon_ The Drum Major Instinct_sentences,M,S,M→S
Martin Luther King's Sermon_ The Drum Major Instinct_sentences,S,S,S→S
Martin Luther King's Sermon_ The Drum Major Instinct_sentences,S,M,S→M
Martin Luther King's Sermon_ The Drum Major Instinct_sentences,M,H,M→H
Martin Luther King's Sermon_ The Drum Major Instinct_sentences,H,S,H→S
Martin Luther King's Sermon_ The Drum Major Instinct_sentences,S,S,S→S
Martin Luther King's Sermon_ The Drum Major Instinct_sentences,S,M,S→M
Martin Luther King's Sermon_ The Drum Major Instinct_sentences,M,S,M→S
Martin Luther King's Sermon_ The Drum Major Instinct_sentences,S,S,S→S
Martin Luther King's Sermon_ The Drum Major Instinct_sentences,S,M,S→M
Martin Luther King's Sermon_ The Drum Major Instinct_sentences,M,S,M→S
Martin Luther King's Sermon_ The Drum Major Instinct_sentences,S,M,S→M
Martin Luther King's Sermon_ The Drum Major Instinct_sentences,M,M,M→M
Martin Luther King's Sermon_ The Drum Major Instinct_sentences,M,M,M→M
Martin Luther King's Sermon_ The Drum Major Instinct_sentences,M,M,M→M
Martin Luther King's Sermon_ The Drum Major Instinct_sentences,M,M,M→M
Martin Luther King's Sermon_ The Drum Major Instinct_sentences,M,M,M→M
Martin Luther King's Sermon_ The Drum Major Instinct_sentences,M,M,M→M
Martin Luther King's Sermon_ The Drum Major Instinct_sentences,M,S,M→S
Martin Luther King's Sermon_ The Drum Major Instinct_sentences,S,S,S→S
Martin Luther King's Sermon_ The Drum Major Instinct_sentences,S,M,S→M
Martin Luther King's Sermon_ The Drum Major Instinct_sentences,M,M,M→M
Martin Luther King's Sermon_ The Drum Major Instinct_sentences,M,M,M→M
Martin Luther King's Sermon_ The Drum Major Instinct_sentences,M,S,M→S
Martin Luther King's Sermon_ The Drum Major Instinct_sentences,S,S,S→S
Martin Luther King's Sermon_ The Drum Major Instinct_sentences,S,M,S→M
Martin Luther King's Sermon_ The Drum Major Instinct_sentences,M,M,M→M
Martin Luther King's Sermon_ The Drum Major Instinct_sentences,M,M,M→M
Martin Luther King's Sermon_ The Drum Major Instinct_sentences,M,M,M→M
Martin Luther King's Sermon_ The Drum Major Instinct_sentences,M,S,M→S
Martin Luther King's Sermon_ The Drum Major Instinct_sentences,S,M,S→M
Martin Luther King's Sermon_ The Drum Major Instinct_sentences,M,M,M→M
Martin Luther King's Sermon_ The Drum Major Instinct_sentences,M,M,M→M
Martin Luther King's Sermon_ The Drum Major Instinct_sentences,M,M,M→M
Martin Luther King's Sermon_ The Drum Major Instinct_sentences,M,H,M→H
Martin Luther King's Sermon_ The Drum Major Instinct_sentences,H,M,H→M
Martin Luther King's Sermon_ The Drum Major Instinct_sentences,M,M,M→M
Martin Luther King's Sermon_ The Drum Major Instinct_sentences,M,S,M→S
Martin Luther King's Sermon_ The Drum Major Instinct_sentences,S,M,S→M
Martin Luther King's Sermon_ The Drum Major Instinct_sentences,M,M,M→M
Martin Luther King's Sermon_ The Drum Major Instinct_sentences,M,S,M→S
Martin Luther King's Sermon_ The Drum Major Instinct_sentences,S,S,S→S
Martin Luther King's Sermon_ The Drum Major Instinct_sentences,S,M,S→M
Martin Luther King's Sermon_ The Drum Major Instinct_sentences,M,S,M→S
Martin Luther King's Sermon_ The Drum Major Instinct_sentences,S,S,S→S
Martin Luther King's Sermon_ The Drum Major Instinct_sentences,S,M,S→M
Martin Luther King's Sermon_ The Drum Major Instinct_sentences,M,M,M→M
Martin Luther King's Sermon_ The Drum Major Instinct_sentences,M,H,M→H
Martin Luther King's Sermon_ The Drum Major Instinct_sentences,H,H,H→H
Martin Luther King's Sermon_ The Drum Major Instinct_sentences,H,H,H→H
Martin Luther King's Sermon_ The Drum Major Instinct_sentences,H,M,H→M
Martin Luther King's Sermon_ The Drum Major Instinct_sentences,M,H,M→H
Martin Luther King's Sermon_ The Drum Major Instinct_sentences,H,M,H→M
Martin Luther King's Sermon_ The Drum Major Instinct_sentences,M,M,M→M
Martin Luther King's Sermon_ The Drum Major Instinct_sentences,M,M,M→M
Martin Luther King's Sermon_ The Drum Major Instinct_sentences,M,S,M→S
Martin Luther King's Sermon_ The Drum Major Instinct_sentences,S,S,S→S
Martin Luther King's Sermon_ The Drum Major Instinct_sentences,S,H,S→H
Martin Luther King's Sermon_ The Drum Major Instinct_sentences,H,H,H→H
Martin Luther King's Sermon_ The Drum Major Instinct_sentences,H,M,H→M
Martin Luther King's Sermon_ The Drum Major Instinct_sentences,M,S,M→S
Martin Luther King's Sermon_ The Drum Major Instinct_sentences,S,S,S→S
Martin Luther King's Sermon_ The Drum Major Instinct_sentences,S,S,S→S
Martin Luther King's Sermon_ The Drum Major Instinct_sentences,S,S,S→S
Martin Luther King's Sermon_ The Drum Major Instinct_sentences,S,H,S→H
Martin Luther King's Sermon_ The Drum Major Instinct_sentences,H,S,H→S
Martin Luther King's Sermon_ The Drum Major Instinct_sentences,S,S,S→S
Martin Luther King's Sermon_ The Drum Major Instinct_sentences,S,M,S→M
Martin Luther King's Sermon_ The Drum Major Instinct_sentences,M,M,M→M
Martin Luther King's Sermon_ The Drum Major Instinct_sentences,M,M,M→M
Martin Luther King's Sermon_ The Drum Major Instinct_sentences,M,M,M→M
Martin Luther King's Sermon_ The Drum Major Instinct_sentences,M,H,M→H
Martin Luther King's Sermon_ The Drum Major Instinct_sentences,H,S,H→S
Martin Luther King's Sermon_ The Drum Major Instinct_sentences,S,H,S→H
Martin Luther King's Sermon_ The Drum Major Instinct_sentences,H,M,H→M
Martin Luther King's Sermon_ The Drum Major Instinct_sentences,M,M,M→M
Martin Luther King's Sermon_ The Drum Major Instinct_sentences,M,M,M→M
Martin Luther King's Sermon_ The Drum Major Instinct_sentences,M,M,M→M
Martin Luther King's Sermon_ The Drum Major Instinct_sentences,M,H,M→H
Martin Luther King's Sermon_ The Drum Major Instinct_sentences,H,M,H→M
Martin Luther King's Sermon_ The Drum Major Instinct_sentences,M,M,M→M
Martin Luther King's Sermon_ The Drum Major Instinct_sentences,M,H,M→H
Martin Luther King's Sermon_ The Drum Major Instinct_sentences,H,H,H→H
Martin Luther King's Sermon_ The Drum Major Instinct_sentences,H,H,H→H
Martin Luther King's Sermon_ The Drum Major Instinct_sentences,H,S,H→S
Martin Luther King's Sermon_ The Drum Major Instinct_sentences,S,S,S→S
Martin Luther King's Sermon_ The Drum Major Instinct_sentences,S,S,S→S
Martin Luther King's Sermon_ The Drum Major Instinct_sentences,S,M,S→M
Martin Luther King's Sermon_ The Drum Major Instinct_sentences,M,H,M→H
Martin Luther King's Sermon_ The Drum Major Instinct_sentences,H,M,H→M
Martin Luther King's Sermon_ The Drum Major Instinct_sentences,M,M,M→M
Martin Luther King's Sermon_ The Drum Major Instinct_sentences,M,M,M→M
Martin Luther King's Sermon_ The Drum Major Instinct_sentences,M,H,M→H
Martin Luther King's Sermon_ The Drum Major Instinct_sentences,H,S,H→S
Martin Luther King's Sermon_ The Drum Major Instinct_sentences,S,M,S→M
Martin Luther King's Sermon_ The Drum Major Instinct_sentences,M,S,M→S
Martin Luther King's Sermon_ The Drum Major Instinct_sentences,S,H,S→H
Martin Luther King's Sermon_ The Drum Major Instinct_sentences,H,M,H→M
Martin Luther King's Sermon_ The Drum Major Instinct_sentences,M,S,M→S
Martin Luther King's Sermon_ The Drum Major Instinct_sentences,S,S,S→S
Martin Luther King's Sermon_ The Drum Major Instinct_sentences,S,S,S→S
Martin Luther King's Sermon_ The Drum Major Instinct_sentences,S,H,S→H
Martin Luther King's Sermon_ The Drum Major Instinct_sentences,H,H,H→H
Martin Luther King's Sermon_ The Drum Major Instinct_sentences,H,H,H→H
Martin Luther King's Sermon_ The Drum Major Instinct_sentences,H,S,H→S
Martin Luther King's Sermon_ The Drum Major Instinct_sentences,S,M,S→M
Martin Luther King's Sermon_ The Drum Major Instinct_sentences,M,H,M→H
Martin Luther King's Sermon_ The Drum Major Instinct_sentences,H,M,H→M
Martin Luther King's Sermon_ The Drum Major Instinct_sentences,M,M,M→M
Martin Luther King's Sermon_ The Drum Major Instinct_sentences,M,S,M→S
Martin Luther King's Sermon_ The Drum Major Instinct_sentences,S,S,S→S
Martin Luther King's Sermon_ The Drum Major Instinct_sentences,S,S,S→S
Martin Luther King's Sermon_ The Drum Major Instinct_sentences,S,S,S→S
Martin Luther King's Sermon_ The Drum Major Instinct_sentences,S,S,S→S
Martin Luther King's Sermon_ The Drum Major Instinct_sentences,S,M,S→M
Martin Luther King's Sermon_ The Drum Major Instinct_sentences,M,S,M→S
Martin Luther King's Sermon_ The Drum Major Instinct_sentences,S,S,S→S
Martin Luther King's Sermon_ The Drum Major Instinct_sentences,S,M,S→M
Martin Luther King's Sermon_ The Drum Major Instinct_sentences,M,H,M→H
Martin Luther King's Sermon_ The Drum Major Instinct_sentences,H,H,H→H
Martin Luther King's Sermon_ The Drum Major Instinct_sentences,H,H,H→H
Martin Luther King's Sermon_ The Drum Major Instinct_sentences,H,M,H→M
mlktempleisraelhollywoodfull_sentences,H,S,H→S
mlktempleisraelhollywoodfull_sentences,S,H,S→H
mlktempleisraelhollywoodfull_sentences,H,S,H→S
mlktempleisraelhollywoodfull_sentences,S,S,S→S
mlktempleisraelhollywoodfull_sentences,S,S,S→S
mlktempleisraelhollywoodfull_sentences,S,H,S→H
mlktempleisraelhollywoodfull_sentences,H,H,H→H
mlktempleisraelhollywoodfull_sentences,H,S,H→S
mlktempleisraelhollywoodfull_sentences,S,M,S→M
mlktempleisraelhollywoodfull_sentences,M,S,M→S
mlktempleisraelhollywoodfull_sentences,S,M,S→M
mlktempleisraelhollywoodfull_sentences,M,M,M→M
mlktempleisraelhollywoodfull_sentences,M,M,M→M
mlktempleisraelhollywoodfull_sentences,M,S,M→S
mlktempleisraelhollywoodfull_sentences,S,M,S→M
mlktempleisraelhollywoodfull_sentences,M,H,M→H
mlktempleisraelhollywoodfull_sentences,H,S,H→S
mlktempleisraelhollywoodfull_sentences,S,H,S→H
mlktempleisraelhollywoodfull_sentences,H,M,H→M
mlktempleisraelhollywoodfull_sentences,M,S,M→S
mlktempleisraelhollywoodfull_sentences,S,H,S→H
mlktempleisraelhollywoodfull_sentences,H,H,H→H
mlktempleisraelhollywoodfull_sentences,H,M,H→M
mlktempleisraelhollywoodfull_sentences,M,M,M→M
mlktempleisraelhollywoodfull_sentences,M,M,M→M
mlktempleisraelhollywoodfull_sentences,M,M,M→M
mlktempleisraelhollywoodfull_sentences,M,M,M→M
mlktempleisraelhollywoodfull_sentences,M,S,M→S
mlktempleisraelhollywoodfull_sentences,S,H,S→H
mlktempleisraelhollywoodfull_sentences,H,H,H→H
mlktempleisraelhollywoodfull_sentences,H,H,H→H
mlktempleisraelhollywoodfull_sentences,H,M,H→M
mlktempleisraelhollywoodfull_sentences,M,S,M→S
mlktempleisraelhollywoodfull_sentences,S,S,S→S
mlktempleisraelhollywoodfull_sentences,S,H,S→H
mlktempleisraelhollywoodfull_sentences,H,M,H→M
mlktempleisraelhollywoodfull_sentences,M,M,M→M
mlktempleisraelhollywoodfull_sentences,M,H,M→H
mlktempleisraelhollywoodfull_sentences,H,M,H→M
mlktempleisraelhollywoodfull_sentences,M,H,M→H
mlktempleisraelhollywoodfull_sentences,H,H,H→H
mlktempleisraelhollywoodfull_sentences,H,M,H→M
mlktempleisraelhollywoodfull_sentences,M,H,M→H
mlktempleisraelhollywoodfull_sentences,H,S,H→S
mlktempleisraelhollywoodfull_sentences,S,H,S→H
mlktempleisraelhollywoodfull_sentences,H,H,H→H
mlktempleisraelhollywoodfull_sentences,H,M,H→M
mlktempleisraelhollywoodfull_sentences,M,H,M→H
mlktempleisraelhollywoodfull_sentences,H,H,H→H
mlktempleisraelhollywoodfull_sentences,H,H,H→H
mlktempleisraelhollywoodfull_sentences,H,H,H→H
mlktempleisraelhollywoodfull_sentences,H,M,H→M
mlktempleisraelhollywoodfull_sentences,M,M,M→M
mlktempleisraelhollywoodfull_sentences,M,H,M→H
mlktempleisraelhollywoodfull_sentences,H,M,H→M
mlktempleisraelhollywoodfull_sentences,M,M,M→M
mlktempleisraelhollywoodfull_sentences,M,M,M→M
mlktempleisraelhollywoodfull_sentences,M,H,M→H
mlktempleisraelhollywoodfull_sentences,H,M,H→M
mlktempleisraelhollywoodfull_sentences,M,M,M→M
mlktempleisraelhollywoodfull_sentences,M,M,M→M
mlktempleisraelhollywoodfull_sentences,M,S,M→S
mlktempleisraelhollywoodfull_sentences,S,M,S→M
mlktempleisraelhollywoodfull_sentences,M,H,M→H
mlktempleisraelhollywoodfull_sentences,H,M,H→M
mlktempleisraelhollywoodfull_sentences,M,M,M→M
mlktempleisraelhollywoodfull_sentences,M,M,M→M
mlktempleisraelhollywoodfull_sentences,M,M,M→M
mlktempleisraelhollywoodfull_sentences,M,H,M→H
mlktempleisraelhollywoodfull_sentences,H,M,H→M
mlktempleisraelhollywoodfull_sentences,M,H,M→H
mlktempleisraelhollywoodfull_sentences,H,M,H→M
mlktempleisraelhollywoodfull_sentences,M,M,M→M
mlktempleisraelhollywoodfull_sentences,M,H,M→H
mlktempleisraelhollywoodfull_sentences,H,M,H→M
mlktempleisraelhollywoodfull_sentences,M,M,M→M
mlktempleisraelhollywoodfull_sentences,M,H,M→H
mlktempleisraelhollywoodfull_sentences,H,M,H→M
mlktempleisraelhollywoodfull_sentences,M,M,M→M
mlktempleisraelhollywoodfull_sentences,M,M,M→M
mlktempleisraelhollywoodfull_sentences,M,S,M→S
mlktempleisraelhollywoodfull_sentences,S,M,S→M
mlktempleisraelhollywoodfull_sentences,M,M,M→M
mlktempleisraelhollywoodfull_sentences,M,H,M→H
mlktempleisraelhollywoodfull_sentences,H,H,H→H
mlktempleisraelhollywoodfull_sentences,H,M,H→M
mlktempleisraelhollywoodfull_sentences,M,H,M→H
mlktempleisraelhollywoodfull_sentences,H,H,H→H
mlktempleisraelhollywoodfull_sentences,H,M,H→M
mlktempleisraelhollywoodfull_sentences,M,H,M→H
mlktempleisraelhollywoodfull_sentences,H,M,H→M
mlktempleisraelhollywoodfull_sentences,M,H,M→H
mlktempleisraelhollywoodfull_sentences,H,H,H→H
mlktempleisraelhollywoodfull_sentences,H,M,H→M
mlktempleisraelhollywoodfull_sentences,M,M,M→M
mlktempleisraelhollywoodfull_sentences,M,H,M→H
mlktempleisraelhollywoodfull_sentences,H,S,H→S
mlktempleisraelhollywoodfull_sentences,S,H,S→H
mlktempleisraelhollywoodfull_sentences,H,S,H→S
mlktempleisraelhollywoodfull_sentences,S,S,S→S
mlktempleisraelhollywoodfull_sentences,S,M,S→M
mlktempleisraelhollywoodfull_sentences,M,H,M→H
mlktempleisraelhollywoodfull_sentences,H,M,H→M
mlktempleisraelhollywoodfull_sentences,M,H,M→H
mlktempleisraelhollywoodfull_sentences,H,M,H→M
mlktempleisraelhollywoodfull_sentences,M,M,M→M
mlktempleisraelhollywoodfull_sentences,M,H,M→H
mlktempleisraelhollywoodfull_sentences,H,S,H→S
mlktempleisraelhollywoodfull_sentences,S,M,S→M
mlktempleisraelhollywoodfull_sentences,M,M,M→M
mlktempleisraelhollywoodfull_sentences,M,M,M→M
mlktempleisraelhollywoodfull_sentences,M,S,M→S
mlktempleisraelhollywoodfull_sentences,S,S,S→S
mlktempleisraelhollywoodfull_sentences,S,H,S→H
mlktempleisraelhollywoodfull_sentences,H,M,H→M
mlktempleisraelhollywoodfull_sentences,M,H,M→H
mlktempleisraelhollywoodfull_sentences,H,H,H→H
mlktempleisraelhollywoodfull_sentences,H,S,H→S
mlktempleisraelhollywoodfull_sentences,S,M,S→M
mlktempleisraelhollywoodfull_sentences,M,H,M→H
mlktempleisraelhollywoodfull_sentences,H,H,H→H
mlktempleisraelhollywoodfull_sentences,H,M,H→M
mlktempleisraelhollywoodfull_sentences,M,H,M→H
mlktempleisraelhollywoodfull_sentences,H,M,H→M
mlktempleisraelhollywoodfull_sentences,M,S,M→S
mlktempleisraelhollywoodfull_sentences,S,H,S→H
mlktempleisraelhollywoodfull_sentences,H,M,H→M
mlktempleisraelhollywoodfull_sentences,M,H,M→H
mlktempleisraelhollywoodfull_sentences,H,M,H→M
mlktempleisraelhollywoodfull_sentences,M,H,M→H
mlktempleisraelhollywoodfull_sentences,H,H,H→H
mlktempleisraelhollywoodfull_sentences,H,H,H→H
mlktempleisraelhollywoodfull_sentences,H,H,H→H
mlktempleisraelhollywoodfull_sentences,H,M,H→M
mlktempleisraelhollywoodfull_sentences,M,M,M→M
mlktempleisraelhollywoodfull_sentences,M,M,M→M
mlktempleisraelhollywoodfull_sentences,M,H,M→H
mlktempleisraelhollywoodfull_sentences,H,H,H→H
mlktempleisraelhollywoodfull_sentences,H,H,H→H
mlktempleisraelhollywoodfull_sentences,H,H,H→H
mlktempleisraelhollywoodfull_sentences,H,H,H→H
mlktempleisraelhollywoodfull_sentences,H,M,H→M
mlktempleisraelhollywoodfull_sentences,M,H,M→H
mlktempleisraelhollywoodfull_sentences,H,S,H→S
mlktempleisraelhollywoodfull_sentences,S,H,S→H
mlktempleisraelhollywoodfull_sentences,H,M,H→M
mlktempleisraelhollywoodfull_sentences,M,M,M→M
mlktempleisraelhollywoodfull_sentences,M,H,M→H
mlktempleisraelhollywoodfull_sentences,H,M,H→M
mlktempleisraelhollywoodfull_sentences,M,S,M→S
mlktempleisraelhollywoodfull_sentences,S,M,S→M
mlktempleisraelhollywoodfull_sentences,M,H,M→H
mlktempleisraelhollywoodfull_sentences,H,H,H→H
mlktempleisraelhollywoodfull_sentences,H,M,H→M
mlktempleisraelhollywoodfull_sentences,M,H,M→H
mlktempleisraelhollywoodfull_sentences,H,H,H→H
mlktempleisraelhollywoodfull_sentences,H,S,H→S
mlktempleisraelhollywoodfull_sentences,S,H,S→H
mlktempleisraelhollywoodfull_sentences,H,H,H→H
mlktempleisraelhollywoodfull_sentences,H,H,H→H
mlktempleisraelhollywoodfull_sentences,H,H,H→H
mlktempleisraelhollywoodfull_sentences,H,H,H→H
mlktempleisraelhollywoodfull_sentences,H,M,H→M
mlktempleisraelhollywoodfull_sentences,M,H,M→H
mlktempleisraelhollywoodfull_sentences,H,H,H→H
mlktempleisraelhollywoodfull_sentences,H,H,H→H
mlktempleisraelhollywoodfull_sentences,H,H,H→H
mlktempleisraelhollywoodfull_sentences,H,H,H→H
mlktempleisraelhollywoodfull_sentences,H,M,H→M
mlktempleisraelhollywoodfull_sentences,M,S,M→S
mlktempleisraelhollywoodfull_sentences,S,M,S→M
mlktempleisraelhollywoodfull_sentences,M,M,M→M
mlktempleisraelhollywoodfull_sentences,M,M,M→M
mlktempleisraelhollywoodfull_sentences,M,M,M→M
mlktempleisraelhollywoodfull_sentences,M,H,M→H
mlktempleisraelhollywoodfull_sentences,H,H,H→H
mlktempleisraelhollywoodfull_sentences,H,H,H→H
mlktempleisraelhollywoodfull_sentences,H,H,H→H
mlkyouthconference_sentences,H,M,H→M
mlkyouthconference_sentences,M,M,M→M
mlkyouthconference_sentences,M,H,M→H
mlkyouthconference_sentences,H,H,H→H
mlkyouthconference_sentences,H,H,H→H
mlkyouthconference_sentences,H,H,H→H
mlkyouthconference_sentences,H,M,H→M
mlkyouthconference_sentences,M,M,M→M
mlkyouthconference_sentences,M,M,M→M
mlkyouthconference_sentences,M,M,M→M
mlkyouthconference_sentences,M,M,M→M
mlkyouthconference_sentences,M,M,M→M
mlkyouthconference_sentences,M,H,M→H
mlkyouthconference_sentences,H,S,H→S
mlkyouthconference_sentences,S,S,S→S
mlkyouthconference_sentences,S,M,S→M
mlkyouthconference_sentences,M,H,M→H
mlkyouthconference_sentences,H,S,H→S
mlkyouthconference_sentences,S,S,S→S
mlkyouthconference_sentences,S,S,S→S
mlkyouthconference_sentences,S,H,S→H
mlkyouthconference_sentences,H,M,H→M
mlkyouthconference_sentences,M,M,M→M
mlkyouthconference_sentences,M,M,M→M
mlkyouthconference_sentences,M,M,M→M
mlkyouthconference_sentences,M,H,M→H
mlkyouthconference_sentences,H,S,H→S
mlkyouthconference_sentences,S,H,S→H
mlkyouthconference_sentences,H,H,H→H
mlkyouthconference_sentences,H,M,H→M
mlkyouthconference_sentences,M,M,M→M
mlkyouthconference_sentences,M,M,M→M
mlkyouthconference_sentences,M,S,M→S
mlkyouthconference_sentences,S,H,S→H
mlkyouthconference_sentences,H,M,H→M
mlkyouthconference_sentences,M,H,M→H
mlkyouthconference_sentences,H,M,H→M
mlkyouthconference_sentences,M,M,M→M
mlkyouthconference_sentences,M,S,M→S
mlkyouthconference_sentences,S,M,S→M
mlkyouthconference_sentences,M,H,M→H
mlkyouthconference_sentences,H,M,H→M
mlkyouthconference_sentences,M,S,M→S
mlkyouthconference_sentences,S,S,S→S
mlkyouthconference_sentences,S,S,S→S
mlkyouthconference_sentences,S,M,S→M
mlkyouthconference_sentences,M,M,M→M
mlkyouthconference_sentences,M,H,M→H
mlkyouthconference_sentences,H,M,H→M
mlkyouthconference_sentences,M,S,M→S
mlkyouthconference_sentences,S,S,S→S
mlkyouthconference_sentences,S,M,S→M
mlkyouthconference_sentences,M,S,M→S
mlkyouthconference_sentences,S,M,S→M
mlkyouthconference_sentences,M,S,M→S
mlkyouthconference_sentences,S,H,S→H
mlkyouthconference_sentences,H,M,H→M
mlkyouthconference_sentences,M,M,M→M
mlkyouthconference_sentences,M,M,M→M
mlkyouthconference_sentences,M,M,M→M
mlkyouthconference_sentences,M,S,M→S
mlkyouthconference_sentences,S,S,S→S
mlkyouthconference_sentences,S,M,S→M
mlkyouthconference_sentences,M,S,M→S
mlkyouthconference_sentences,S,S,S→S
mlkyouthconference_sentences,S,M,S→M
mlkyouthconference_sentences,M,H,M→H
mlkyouthconference_sentences,H,M,H→M
mlkyouthconference_sentences,M,H,M→H
mlkyouthconference_sentences,H,S,H→S
mlkyouthconference_sentences,S,H,S→H
mlkyouthconference_sentences,H,H,H→H
mlkyouthconference_sentences,H,M,H→M
mlkyouthconference_sentences,M,M,M→M
mlkyouthconference_sentences,M,H,M→H
mlkyouthconference_sentences,H,S,H→S
mlkyouthconference_sentences,S,S,S→S
mlkyouthconference_sentences,S,H,S→H
mlkyouthconference_sentences,H,M,H→M
mlkyouthconference_sentences,M,S,M→S
mlkyouthconference_sentences,S,H,S→H
mlkyouthconference_sentences,H,H,H→H
mlkyouthconference_sentences,H,H,H→H
mlkyouthconference_sentences,H,S,H→S
mlkyouthconference_sentences,S,H,S→H
mlkyouthconference_sentences,H,M,H→M
mlkyouthconference_sentences,M,M,M→M
mlkyouthconference_sentences,M,H,M→H
mlkyouthconference_sentences,H,H,H→H
mlkyouthconference_sentences,H,H,H→H
mlkyouthconference_sentences,H,H,H→H
mlkyouthconference_sentences,H,M,H→M
mlkyouthconference_sentences,M,H,M→H
mlkyouthconference_sentences,H,H,H→H
mlkyouthconference_sentences,H,M,H→M
mlkyouthconference_sentences,M,M,M→M
mlkyouthconference_sentences,M,H,M→H
mlkyouthconference_sentences,H,H,H→H
mlkyouthconference_sentences,H,H,H→H
mlkyouthconference_sentences,H,H,H→H
mlkyouthconference_sentences,H,H,H→H
mlkyouthconference_sentences,H,M,H→M
mlkyouthconference_sentences,M,H,M→H
mlkyouthconference_sentences,H,H,H→H
mlkyouthconference_sentences,H,H,H→H
mlkyouthconference_sentences,H,H,H→H
mlkyouthconference_sentences,H,S,H→S
mlkyouthconference_sentences,S,S,S→S
mlkyouthconference_sentences,S,S,S→S
mlkyouthconference_sentences,S,M,S→M
mlkyouthconference_sentences,M,S,M→S
mlkyouthconference_sentences,S,M,S→M
mlkyouthconference_sentences,M,S,M→S
mlkyouthconference_sentences,S,H,S→H
mlkyouthconference_sentences,H,H,H→H
mlkyouthconference_sentences,H,M,H→M
mlkyouthconference_sentences,M,H,M→H
mlkyouthconference_sentences,H,S,H→S
mlkyouthconference_sentences,S,M,S→M
mlkyouthconference_sentences,M,H,M→H
mlkyouthconference_sentences,H,H,H→H
mlkyouthconference_sentences,H,H,H→H
mlkyouthconference_sentences,H,S,H→S
mlkyouthconference_sentences,S,M,S→M
mlkyouthconference_sentences,M,H,M→H
mlkyouthconference_sentences,H,H,H→H
mlkyouthconference_sentences,H,H,H→H
mlkyouthconference_sentences,H,M,H→M
mlkyouthconference_sentences,M,S,M→S
mlkyouthconference_sentences,S,M,S→M
mlkyouthconference_sentences,M,H,M→H
mlkyouthconference_sentences,H,H,H→H
mlkyouthconference_sentences,H,S,H→S
mlkyouthconference_sentences,S,M,S→M
mlkyouthconference_sentences,M,H,M→H
mlkyouthconference_sentences,H,M,H→M
mlkyouthconference_sentences,M,M,M→M
mlkyouthconference_sentences,M,H,M→H
mlkyouthconference_sentences,H,H,H→H
mlkyouthconference_sentences,H,H,H→H
mlkyouthconference_sentences,H,M,H→M
mlkyouthconference_sentences,M,H,M→H
mlkyouthconference_sentences,H,S,H→S
mlkyouthconference_sentences,S,M,S→M
mlkyouthconference_sentences,M,M,M→M
mlkyouthconference_sentences,M,H,M→H
mlkyouthconference_sentences,H,H,H→H
mlkyouthconference_sentences,H,M,H→M
mlkyouthconference_sentences,M,H,M→H
mlkyouthconference_sentences,H,M,H→M
mlkyouthconference_sentences,M,M,M→M
mlkyouthconference_sentences,M,H,M→H
mlkyouthconference_sentences,H,M,H→M
mlkyouthconference_sentences,M,M,M→M
mlkyouthconference_sentences,M,S,M→S
mlkyouthconference_sentences,S,H,S→H
mlkyouthconference_sentences,H,H,H→H
mlkyouthconference_sentences,H,S,H→S
mlkyouthconference_sentences,S,H,S→H
mlkyouthconference_sentences,H,M,H→M
mlkyouthconference_sentences,M,H,M→H
mlkyouthconference_sentences,H,S,H→S
mlkyouthconference_sentences,S,M,S→M
mlkyouthconference_sentences,M,H,M→H
mlkyouthconference_sentences,H,H,H→H
mlkyouthconference_sentences,H,H,H→H
mlkyouthconference_sentences,H,M,H→M
mlkyouthconference_sentences,M,M,M→M
mlkyouthconference_sentences,M,H,M→H
mlkyouthconference_sentences,H,H,H→H
mlkyouthconference_sentences,H,H,H→H
mlkyouthconference_sentences,H,H,H→H
mlkyouthconference_sentences,H,M,H→M
mlkyouthconference_sentences,M,M,M→M
mlkyouthconference_sentences,M,M,M→M
mlkyouthconference_sentences,M,H,M→H
mlkyouthconference_sentences,H,H,H→H
mlkyouthconference_sentences,H,H,H→H
mlkyouthconference_sentences,H,M,H→M
mlkyouthconference_sentences,M,H,M→H
mlkyouthconference_sentences,H,S,H→S
mlkyouthconference_sentences,S,M,S→M
mlkyouthconference_sentences,M,H,M→H
mlkyouthconference_sentences,H,M,H→M
mlkyouthconference_sentences,M,H,M→H
mlkyouthconference_sentences,H,H,H→H
